TITLE,STORE,CODENAME,ULWGL_ID,COMMON ACRONYM (Optional),NOTE (Optional)
Age of Wonders,gog,1207658883,ulwgl-61500,aow,
Age of Wonders,humble,ageofwonders,ulwgl-61500,aow,
Borderlands 3,egs,catnip,ulwgl-397540,bl3,
Dark and Darker,none,none,ulwgl-2016590,dad,Standalone Dark and Darker installer
Ys Origin,gog,1422357892,ulwgl-207350,,
Ys Origin,humble,ysorigin,ulwgl-207350,,
Grand Theft Auto V,egs,9d2d0eb64d5c44529cece33fe2a46482,ulwgl-271590,gtav,
Grand Theft Auto V,none,none,ulwgl-271590,gtav,Standalone Rockstar installer
Genshin Impact,egs,41869934302e4b8cafac2d3c0e7c293d,ulwgl-genshin,,
Genshin Impact,none,playpc,ulwgl-genshin,,Play Store PC
Genshin Impact,none,none,ulwgl-genshin,,Standalone PC installer
Red Dead Redemption 2,egs,heather,ulwgl-1174180,rdr2,
Red Dead Redemption 2,none,none,ulwgl-1174180,rdr2,Standalone Rockstar installer
Horizon Zero Dawn™ Complete Edition,gog,1209025141,ulwgl-1151640,,
Horizon Zero Dawn™ Complete Edition,egs,grunion,ulwgl-1151640,,
Alien Breed: Impact,gog,1905791638,ulwgl-22610,,
Alien Breed 2: Assault,gog,1786995757,ulwgl-22650,,
Alien Breed 3: Descent,gog,1743464065,ulwgl-22670,,
Model 2 Emulator,none,none,ulwgl-model2,,https://segaretro.org/Model_2_Emulator
Warframe,egs,398965b67f314d31b0683b8ea11c93a4,ulwgl-230410,,
Warframe,none,none,ulwgl-230410,,Standalone installer
ARK: Survival Evolved,egs,aafc587fbf654758802c8e41e4fb3255,ulwgl-346110,,
DEATHLOOP,egs,3206dba3f9b14fd3b01c18f9dcbc864a,ulwgl-1252330,,
The Medium,egs,bc72e23dc6494fb584a254ada099b362,ulwgl-1293160,,
The Medium,gog,1260828108,ulwgl-1293160,,
Indiana Jones® and the Emperor's Tomb™,gog,1425034773,ulwgl-560430,,
Cossacks 3,gog,1797227701,ulwgl-333420,,
UNO,egs,hussar,ulwgl-470220,,
UNO,ubisoft,3352,ulwgl-470220,,
Zombie Army 4: Dead War,egs,sparrow,ulwgl-694280,,
Serious Sam 4,gog,1407036516,ulwgl-257420,,
Into the Breach,egs,blobfish,ulwgl-590380,,
Into the Breach,gog,2004253604,ulwgl-590380,,
Star Wars™: Jedi Knight™ - Jedi Academy™,gog,1428935726,ulwgl-6020,,
Star Wars™: Jedi Knight™ - Jedi Academy™,amazon,amzn1.adg.product.0127edd7-4a35-4991-ab79-ff7601a699da,ulwgl-6020,,
Divinity: Original Sin 2 - Definitive Edition,gog,1584823040,ulwgl-435150,,
Hogwarts Legacy,egs,fa4240e57a3c46b39f169041b7811293,ulwgl-990080,,
Tony Hawk's Pro Skater 1+2,egs,guppy,ulwgl-2395210,,
Satisfactory,egs,crabea,ulwgl-526870,,
METAL GEAR SOLID,gog,1771973390,ulwgl-metalgearsolid,,
God of War,gog,1074905459,ulwgl-1593500,,
God of War,egs,91bfb663fe7a4b9698ba08bd80549b34,ulwgl-1593500,,
Baldur's Gate 3,gog,1456460669,ulwgl-1086940,bg3,
Cyberpunk 2077,egs,ginger,ulwgl-1091500,,
Cyberpunk 2077,gog,1423049311,ulwgl-1091500,,
The Elder Scrolls Online,egs,4d0ff75b922447649057c237c0bd1545,ulwgl-306130,,
The Last of Us™ Part I,egs,7e988ba04889404197fdf06c994326ed,ulwgl-1888930,tlou,
Yakuza 5 Remastered,gog,1896187920,ulwgl-1105510,,Requires patch alongside protonfix: https://github.com/ValveSoftware/wine/pull/205
Black Desert Online,none,none,ulwgl-582660,bdo,
Star Citizen,none,none,ulwgl-starcitizen,sc,Requires EAC workaround: https://starcitizen-lug.github.io
Trackmania,egs,b04882669b2e495e9f747c8560488c93,ulwgl-2225070,tm,"also known as 'Trackmania (2020)', not to be confused with 'TrackMania (2003)'"
Trackmania,ubisoft,5595,ulwgl-2225070,tm,"also known as 'Trackmania (2020)', not to be confused with 'TrackMania (2003)'"
Rocket League,egs,9773aa1aa54f4f7b80e44bef04986cea,ulwgl-252950,rl,
Dorfromantik,gog,1721001406,ulwgl-1455840,,
Quake III Arena,gog,1441704920,ulwgl-2200,,
Deliver Us The Moon,gog,1395742506,ulwgl-428660,,
"Warhammer 40,000: Space Marine",gog,1668484481,ulwgl-55150,,
Project Wingman,gog,1609812781,ulwgl-895870,,
Two Worlds Epic Edition,gog,1207658861,ulwgl-1930,,
Oddworld: Munch's Oddysee,gog,1254027184,ulwgl-15740,,
Gothic 3,gog,1207658986,ulwgl-39500,,
Just Cause 2 - Complete Edition,gog,1833855510,ulwgl-8190,,
Sleeping Dogs: Definitive Edition,gog,1741843789,ulwgl-307690,,
Mount & Blade II: Bannerlord,gog,1564781494,ulwgl-261550,,
STAR WARS™ Galactic Battlegrounds Saga,gog,1421404646,ulwgl-356500,,
Necromunda: Hired Gun,gog,1618128477,ulwgl-1222370,,
Yakuza 0,gog,1103602225,ulwgl-638970,,
Gothic 2 Gold Edition,gog,1207658718,ulwgl-39510,,
Cryostasis,gog,1207659011,ulwgl-7850,,
Yakuza Kiwami,gog,1951443960,ulwgl-834530,,
Dragon Star Varnir,gog,1579883472,ulwgl-1062040,,
The Blind Prophet,gog,1726178326,ulwgl-968370,,
ArcaniA: Fall of Setarrif,gog,1282519889,ulwgl-65610,,
Stronghold HD,gog,1207658712,ulwgl-40950,,
Sacred 2 Gold,gog,1207665233,ulwgl-225640,,
Escape from Monkey Island™,gog,1885026907,ulwgl-730830,,
Eador. Masters of the Broken World,gog,1207659194,ulwgl-232050,,
The Evil Within,gog,1171957437,ulwgl-268050,,
Gothic,gog,1207658682,ulwgl-65540,,
Recettear: An Item Shop's Tale,gog,1441875624,ulwgl-70400,,
Memoria,gog,1207659803,ulwgl-243200,,
Tomb Raider 1,gog,1207663463,ulwgl-224960,,
The Elder Scrolls V: Skyrim Special Edition,gog,1711230643,ulwgl-489830,,
Order of Battle: World War II,gog,1744082009,ulwgl-312450,,
Alan Wake,gog,1207659037,ulwgl-108710,,
BIT.TRIP BEAT,gog,1460735408,ulwgl-63700,,
BIT.TRIP BEAT,humble,bittripbeat,ulwgl-63700,,
Super Meat Boy,humble,supermeatboy,ulwgl-40800,,
Super Meat Boy,humble,supermeatboy_no_soundtrack,ulwgl-40800,,
METAL SLUG,gog,1136471182,ulwgl-366250,,
METAL SLUG,humble,metalslug,ulwgl-366250,,
GWENT: The Witcher Card Game,gog,1971477531,ulwgl-1284410,,
Rebel Galaxy Outlaw,gog,1339695996,ulwgl-910830,,
Fallout 3: Game of the Year Edition,gog,1454315831,ulwgl-22370,,
BIT.TRIP Runner,gog,1460734409,ulwgl-63710,,
BIT.TRIP RUNNER,humble,bittriprunner,ulwgl-63710,,
HighFleet,gog,1589167087,ulwgl-1434950,,
Little Nightmares,gog,1433377508,ulwgl-424840,,
A New Beginning: Final Cut,gog,1207659150,ulwgl-105000,,
Mafia II: Definitive Edition,gog,1449710114,ulwgl-1030830,,
Grim Dawn,gog,1449651388,ulwgl-219990,,
Tex Murphy: Overseer,gog,1207658769,ulwgl-302370,,
Outlaws + A Handful of Missions,gog,1425302464,ulwgl-559620,,
Darkstar One,gog,1207658704,ulwgl-12330,,
IMSCARED,gog,1249814952,ulwgl-429720,,
Re-Volt,gog,1207659863,ulwgl-287310,,
Moero Chronicle,gog,1960775628,ulwgl-638160,,
The Witcher 2: Assassins of Kings Enhanced Edition,gog,1207658930,ulwgl-20920,,
ArcaniA,gog,1244052225,ulwgl-39690,,
Hyperdimension Neptunia Re;Birth1,gog,1445338941,ulwgl-282900,,
Darkest Hour: A Hearts of Iron Game,gog,1445505773,ulwgl-73170,,
LEGO® Batman 2 DC Super Heroes™,gog,1193585573,ulwgl-213330,,
WORLD OF HORROR,gog,1169377716,ulwgl-913740,,
Beyond Good & Evil™,gog,1207658746,ulwgl-15130,,
Space Engineers,gog,1447762725,ulwgl-244850,,
Hyperdimension Neptunia Re;Birth2: Sisters Generation,gog,1863533702,ulwgl-351710,,
Syberia,gog,1207658848,ulwgl-46500,,
The Night of the Rabbit,gog,1207659218,ulwgl-230820,,
Serious Sam: The Random Encounter,humble,serioussamrandom,ulwgl-201480,,
Middle-earth™: Shadow of War™,gog,1324471032,ulwgl-356190,,
Gothic 3: Forsaken Gods Enhanced Edition,gog,1207658993,ulwgl-65600,,
Yesterday Origins,gog,1576683029,ulwgl-465280,,
Stronghold Crusader HD,gog,1207658713,ulwgl-40970,,
UNCHARTED™: Legacy of Thieves Collection,gog,1451150270,ulwgl-1659420,,
Crysis®,gog,1809223221,ulwgl-17300,,
The Bureau: XCOM® Declassified™,gog,1166983063,ulwgl-65930,,
Ghostwire: Tokyo,egs,007ff8f4e30845a687e66aa77eb3e965,ulwgl-1475810,,Enables NVAPI in Proton
Pumped BMX Pro,amazon,eeb2fd4c-e7aa-4e73-a1d4-071b90e1060d,ulwgl-966720,,
Wonder Boy: The Dragon's Trap,amazon,2a236e66-9387-45ce-aa6e-fcccf0c196be,ulwgl-543260,,
Mable and the Wood,amazon,da00f127-423b-4b3c-8099-2e3480c2faad,ulwgl-568070,,
Automachef,amazon,e75792f0-a9ab-4b40-b1e7-7e10d30b5645,ulwgl-984800,,
Yoku's Island Express,amazon,d238089d-956a-456b-baba-bb68a94b32a3,ulwgl-334940,,
Stealth Inc 2: A Game of Clones,amazon,3c41236b-1f48-4ad6-976c-a1f4cb821c5e,ulwgl-329380,,
Chicken Assassin,amazon,45968b2c-5597-4a94-b3a8-e18b77b8fb49,ulwgl-489610,,
Orwell: Ignorance Is Strength,amazon,560c53c4-0751-4b4f-8792-0fd943e3b24a,ulwgl-633060,,
Tacoma,amazon,605cea63-330e-4386-a5b0-17200970226f,ulwgl-343860,,
SteamWorld Dig,amazon,97a0fb83-744d-4f83-a25f-b118fdc0729c,ulwgl-252410,,
Stealth Bastard Deluxe,amazon,70ec0894-2707-4822-8f6d-b133eff339dd,ulwgl-209190,,
A Good Snowman Is Hard To Build,amazon,f0dfdbe9-f3fa-456f-a2ae-4b38b78bb0a6,ulwgl-316610,,
Hyper Light Drifter,amazon,b515a0c1-b73d-4201-aae3-1ef8fb1faf5e,ulwgl-257850,,
Titan Souls,amazon,8d842248-54ae-4aa2-b4bf-362cb533982e,ulwgl-297130,,
Candle,amazon,473dded6-92f7-48ee-90f3-a0209a90e2ce,ulwgl-420060,,
Mr. Shifty,amazon,a61e553f-2e92-42e9-96df-0e44fc838990,ulwgl-489140,,
Bomber Crew,amazon,8c105008-09cb-4049-a10f-f4a6c55aa4c7,ulwgl-537800,,
Sid Meier's Civilization IV,amazon,d4a3192e-9578-4d6b-878e-64890323f317,ulwgl-3900,,
Oxenfree,amazon,7efdcdb3-3a17-48df-bbe2-3bf21919ce2f,ulwgl-388880,,
Cursed Castilla (Maldita Castilla Ex),amazon,43b30ef0-730b-44b2-abb3-c32dfb1c4029,ulwgl-534290,,
Overcooked!,amazon,a3f5ee11-7f45-4cf2-9dd9-642fb2597124,ulwgl-448510,,
Shadow Tactics: Blades of the Shogun,amazon,0c836900-f133-4daa-bc04-f4ddf0c62a1d,ulwgl-418240,,
Battle Chef Brigade Deluxe,amazon,939d5b72-b8b5-46ed-be07-b469c8dcad8a,ulwgl-452570,,
Strafe,amazon,c18c39a9-ff36-44d5-9e2e-05d5efb7abfb,ulwgl-442780,,
Sanitarium,amazon,35390bab-dd81-42d4-93a3-f74b62caf848,ulwgl-284050,,
System Shock: Enhanced Edition,amazon,99d11652-3f58-42f6-8a57-34fb56419dd5,ulwgl-410710,,
Heavy Bullets,amazon,c7325e58-5895-4667-81a2-1854397fbb43,ulwgl-297120,,
Jotun: Valhalla Edition,amazon,24759327-eff1-46c5-8670-09cf5afb5bb3,ulwgl-323580,,
The Last Blade,amazon,4f847c19-70db-4f81-b89c-471d686344e4,ulwgl-465840,,
Punch Club,amazon,a94ceb03-3f04-4013-b5f3-7bc24f3da1ec,ulwgl-394310,,
The Original Strife: Veteran Edition,amazon,99446e03-f117-42da-84ad-61ea088bae52,ulwgl-317040,,
Death Squared,amazon,694ee5bf-cecc-4a3d-b8fa-298066daaa45,ulwgl-471810,,
Hotline Miami 2: Wrong Number,amazon,9875182a-e2d1-4124-ab59-39e463076896,ulwgl-274170,,
Orwell,amazon,0e577bb9-8144-4535-95c5-171f49b0f7f1,ulwgl-491950,,
Tumblestone,amazon,34cb556f-0855-4866-bcc0-3a12275d1247,ulwgl-269710,,
Cultist Simulator,amazon,051d4284-efb9-42d6-b711-204836d28280,ulwgl-718670,,
Kentucky Route Zero,amazon,98d02b2c-3d19-4114-bcdf-cb49c6ed7963,ulwgl-231200,,
RunGunJumpGun,amazon,209d10a6-de1c-4988-8868-4cc69f39d908,ulwgl-440550,,
Psychonauts,amazon,192f4336-2417-43da-b35c-d32c65f8fa65,ulwgl-3830,,
Tyranny,amazon,4194ff96-8a00-4896-b2d3-526bf389806f,ulwgl-362960,,
Metal Slug 2,amazon,fbcc4aaa-a6f1-469c-b34e-dc65756f7141,ulwgl-366260,,
Tokyo 42,amazon,b28bda46-f8b8-4fe2-b087-8033c967641a,ulwgl-490450,,
SUPERHOT,amazon,62f505d5-9210-4784-9094-17cdc868f6da,ulwgl-322500,,
Kathy Rain,amazon,62c80ac3-3aa5-42a8-8048-a29ff819b7a8,ulwgl-370910,,
Ken Follett's The Pillars of the Earth,amazon,c2bfad1a-cd3c-49ec-9d7b-9cfb4952753e,ulwgl-234270,,
Republique,amazon,2f7d571e-0c1f-4b68-bbb4-8fa519800c4d,ulwgl-317100,,
Wizardry 7: Crusaders of the Dark Savant,amazon,f2c5bd84-39e7-4302-8482-1b8471050b08,ulwgl-245430,,
Stikbold! A Dodgeball Adventure,amazon,dc09a502-fa27-4d3c-b29d-b5629fcf2161,ulwgl-429330,,
The Red Strings Club,amazon,c619a4f5-37a3-4314-aeea-f63d599ce3b4,ulwgl-589780,,
Darksiders Warmastered Edition,amazon,b4b640be-1f76-45c9-b425-ac74594b6918,ulwgl-462780,,
Aegis Defenders,amazon,5df60b68-ec08-4a80-bee6-7913ae0aad00,ulwgl-371140,,
The Adventure Pals,amazon,a9b25161-bc1e-48ef-bf69-a4beffb1e529,ulwgl-396710,,
Twinkle Star Sprites,amazon,66cea04c-bedf-4b41-b484-743ba3424657,ulwgl-366280,,
SteamWorld Heist,amazon,2d7b207c-0e17-4444-8555-47eaecabae57,ulwgl-322190,,
Downwell,amazon,fc061199-b7e3-43f7-a99c-3e00f18a1796,ulwgl-360740,,
Layers of Fear,amazon,345b53a8-5464-427e-9e59-82280938934b,ulwgl-391720,,
Treadnauts,amazon,23fc052e-6972-4e66-9103-a15a523832b9,ulwgl-695970,,
Overload,amazon,e6fe2ec9-719f-443c-be30-61e3992401c9,ulwgl-448850,,
Tales from the Borderlands,amazon,b24f49f9-d7fe-40b6-8f4d-65b0c6bf6a6b,ulwgl-330830,,
Kingsway,amazon,3f195563-44e3-4e66-b733-efff6347d274,ulwgl-588950,,
Majesty Gold HD,amazon,4efecef5-149b-4f34-b54e-6e026c5cfcc5,ulwgl-25990,,
Gone Home,amazon,f41d91c5-83b4-40e1-869e-01a0d6056f97,ulwgl-232430,,
Sokobond,amazon,dae1a796-8036-4409-a576-891e0a5b3768,ulwgl-290260,,
For The King,amazon,f9b2486d-a6cc-4f2f-896e-0fef3360d068,ulwgl-527230,,
Gunpoint,amazon,add77e2e-2f4e-4d12-bcfb-17765929ea78,ulwgl-206190,,
AER Memories of Old,amazon,b3420df5-00d4-4884-96b6-1345637fd7d8,ulwgl-331870,,
The Metronomicon,amazon,e778b2fe-5847-41ce-947e-c1539e1f81d3,ulwgl-416790,,
Keep In Mind,amazon,d8139829-1dad-49d4-85d9-da9f7afea23b,ulwgl-643200,,
DubWars,amazon,cf14c339-f4fd-4ace-b066-9803987be077,ulwgl-290000,,
Clustertruck,amazon,bb09e395-9405-44ca-a17c-98df998cf216,ulwgl-397950,,
Pikuniku,amazon,73335a5e-887c-4e9e-bd6d-11429cd7fadf,ulwgl-572890,,
Cosmic Express,amazon,4c3b8c4b-1bf7-4893-9e20-d6a95063d243,ulwgl-583270,,
The Swords of Ditto,amazon,c35253a1-89bf-46f4-8add-2813d5862eb3,ulwgl-619780,,
"I, Hope",amazon,556a4404-a3f6-4ac4-8e0a-c1b4e9787255,ulwgl-448960,,
SOMA,amazon,4d4aa4d3-cc66-4067-b959-446e4d34512f,ulwgl-282140,,
"Dear, Esther",amazon,5e53587b-3bad-456d-bd73-b7e8b2f62423,ulwgl-520720,,
Snake Pass,amazon,dacf2798-a6a5-4915-a3e1-c6e69a389604,ulwgl-544330,,
Her Story,amazon,db61feca-dfb4-412f-9f81-f128ca2fef6e,ulwgl-368370,,
The Flame In The Flood,amazon,d43e7ff9-3b1a-448d-8835-572fe729c157,ulwgl-318600,,
Star Vikings Forever,amazon,4adb1c6e-1e22-452a-9177-2f6eb5380710,ulwgl-488960,,
10 Second Ninja X,amazon,13a0d6e1-fce9-4b6c-9f3a-582a0f04b6b7,ulwgl-435790,,
Joggernauts,amazon,51f2d354-61ad-4243-8404-d2fdc111fc4e,ulwgl-747620,,
Smoke and Sacrifice,amazon,a1597314-37f8-4ed9-a31c-767bdcf6436e,ulwgl-695100,,
This War of Mine,amazon,aa864570-a5e4-4ace-97f6-175079665488,ulwgl-282070,,
InnerSpace,amazon,ea1eacf0-d1f5-485e-9d9c-3909ba279eff,ulwgl-347000,,
Yooka-Laylee,amazon,96427040-1a7d-4884-a0dd-ed08bdaae57e,ulwgl-360830,,
1979 Revolution:Black Friday,amazon,1ea7d6c0-8521-4e57-86f8-70eed1d57584,ulwgl-388320,,
Wizardry 8,amazon,4199a103-3023-4bd0-a3a6-1d8967bc2300,ulwgl-245450,,
Hacknet,amazon,f6e3da4d-62fd-475f-845a-6e708723de00,ulwgl-365450,,
Next Up Hero,amazon,2dc4575e-3ea3-481d-9004-27dbc468a06e,ulwgl-667810,,
Guild of Dungeoneering,amazon,be2b02e7-5901-4c2a-aa90-77314ee9a0d8,ulwgl-317820,,
The Escapists,amazon,551a2cd1-9688-41fa-9a07-6af2df90b6e5,ulwgl-298630,,
Hue,amazon,2ebae692-5e13-4ee1-a4bd-1f901bac77c6,ulwgl-383270,,
Serial Cleaner,amazon,6e99c309-1eae-42c5-834a-eceb0b1b5166,ulwgl-522210,,
Antihero,amazon,c118e5a8-50eb-4090-8014-c96aaa200934,ulwgl-505640,,
Uurnog Uurnlimited,amazon,e94696a4-61ce-4930-80ba-138c0da0b433,ulwgl-678850,,
Hard Reset Redux,amazon,3bd6c38e-24be-4609-8811-adbd2a993f07,ulwgl-407810,,
Headlander,amazon,e0df48ae-2a71-4ffa-a888-5fd1f6a15d45,ulwgl-340000,,
Pillars of Eternity,amazon,8120272b-11d8-47e8-9b89-2f3ff2155507,ulwgl-291650,,
Poi,amazon,a505a548-6544-4468-8bc3-9c174299b155,ulwgl-401810,,
Deponia,amazon,26dcc8a0-cc0d-4ca3-98f3-9e7f442f9916,ulwgl-214340,,
High Hell,amazon,498bb66a-c291-41f4-a3ef-35a544cdb7eb,ulwgl-673000,,
FRAMED Collection,amazon,1bad64df-146c-496e-84a9-2e102ca30f0a,ulwgl-322450,,
Broforce,amazon,4eb1ffc1-a9a8-417b-b867-d83e07a6dfc8,ulwgl-274190,,
Kabounce,amazon,56df4fcf-d9a1-485d-8ae2-495ff6d6ae4b,ulwgl-431930,,
Deponia Doomsday,amazon,a99efc99-c9a5-46ad-84b9-ef55e1871d01,ulwgl-421050,,
The Little Acre,amazon,87c79d53-6693-4de1-8973-2122da60603e,ulwgl-423590,,
>observer_,amazon,69008e07-590b-4ea1-9aa4-f033ef8b9d2c,ulwgl-514900,,
Wizardry 6: Bane of the Cosmic Forge,amazon,fcb11650-bb41-4fd8-a347-34b73f0934a5,ulwgl-245410,,
Q.U.B.E. 2,amazon,b6dae532-9785-4db3-9364-2da90271cbf8,ulwgl-359100,,
GoNNER,amazon,516feae8-f1e6-4f68-a964-e5d55f92cf8f,ulwgl-437570,,
Manual Samuel,amazon,dceac06b-afa9-441c-bcd1-35783bcf87e8,ulwgl-504130,,
Adam Wolfe,amazon,bd0d4f4f-988f-44a6-ab2b-5ee2595ef135,ulwgl-483420,,
Stranger Things 3,amazon,0161ad63-95b1-4b2d-a3ea-d5aa848be195,ulwgl-1097800,,
Deadlight: Director's Cut,amazon,bb3a962e-180e-47c2-b2ea-9790fd7d521f,ulwgl-423950,,
Double Cross,amazon,e3bc3283-5464-4946-80b8-8ac1401f7b16,ulwgl-838010,,
Darksiders II Deathinitive Edition,amazon,790f3b07-fc9c-4efe-bb66-32bd348a9d23,ulwgl-388410,,
Planet Alpha,amazon,fe19ef5f-a1e0-4caf-96b4-590b2c022b15,ulwgl-485030,,
Sword Legacy Omen,amazon,25071895-d6cb-49ce-98fe-4a2c3c92b9fc,ulwgl-690140,,
Turmoil,amazon,9f710b74-9960-4411-bdfc-3cd846ca812c,ulwgl-361280,,
ToeJam & Earl: Back in the Groove!,amazon,bf8a5cc7-9776-455c-b49a-d00756b14b28,ulwgl-516110,,
When Ski Lifts Go Wrong,amazon,2ad346bf-d6b0-4f34-b462-7e1389727805,ulwgl-638000,,
Hover,amazon,66d610ba-d613-4607-8593-206a5fca2d61,ulwgl-280180,,
Sherlock Holmes: The Devil's Daughter,amazon,6119ce91-31d4-48dc-9084-e94c8d4c4c26,ulwgl-350640,,
Enter the Gungeon,amazon,654f2d8c-54b9-4358-8a4b-05087d8e308b,ulwgl-311690,,
Ape Out,amazon,b95426ba-9d31-46e2-9475-80061ba6d85f,ulwgl-447150,,
Witcheye,amazon,0fd0cced-4200-4d1c-9584-e43640f6560e,ulwgl-1284950,,
Gato Roboto,amazon,d4a9e1a3-a27a-4789-8c44-76781d993f70,ulwgl-916730,,
Heave Ho,amazon,1375e4bd-eb0e-4baa-b44a-b76a1cbcbf95,ulwgl-905340,,
Dandara,amazon,b0601d8b-40fd-436c-b819-e182636a362d,ulwgl-612390,,
Anarcute,amazon,62a1f06b-e81e-4f53-9cb3-1daf83fb925b,ulwgl-390720,,
Kingdom: New Lands,amazon,6dbb49c6-cd4d-416e-b7d0-cad3088d587d,ulwgl-496300,,
A Normal Lost Phone,amazon,4be3538b-1215-4d27-ab8c-ec6548a14239,ulwgl-523210,,
Splasher,amazon,d1bce920-1ef8-4d24-aa39-081621e06256,ulwgl-446840,,
American Fugitive,amazon,b0ebeed0-6964-4096-b99b-9f726f794e89,ulwgl-934780,,
Steredenn,amazon,08d1b39d-3b89-4a09-ad71-50bd0891a79c,ulwgl-347160,,
Narcos,amazon,35eaad3d-6719-4b47-8461-c971fda8f7da,ulwgl-914110,,
White Night,amazon,d83a9797-bf00-45b3-adb1-daa9ffde990f,ulwgl-301560,,
Whispers of a Machine,amazon,1dc3aebe-04aa-4b78-96d9-667ba0ca891f,ulwgl-631570,,
Mugsters,amazon,ea502fa9-4b6e-4676-aaee-432e46807ec1,ulwgl-712180,,
Furi,amazon,4cd3fee5-38bf-46e4-a5d7-7dd377231b66,ulwgl-423230,,
Epistory,amazon,e47db7ce-ed45-49f8-9309-6e4c189f9176,ulwgl-398850,,
Earthlock,amazon,fca4cb06-9ea9-4dab-98fd-b2bdcd2c51c2,ulwgl-761030,,
Turok,amazon,dd4bdb86-60c8-49a3-8d00-8fc4379a45f3,ulwgl-405820,,
Lightmatter,amazon,15f94db5-ea1a-4fc3-844e-64d36a96ec59,ulwgl-994140,,
Yono and the Celestial Elephants,amazon,d0e01144-55d1-4d39-9c6d-99b851b3c660,ulwgl-602430,,
Old School Musical,amazon,cf483ab4-5aee-46a1-94fd-f1ad6028d51e,ulwgl-398030,,
Urban Trial Playground,amazon,d0e3cd62-8bd4-4881-a8d0-825a886f8634,ulwgl-988240,,
AVICII Invector,amazon,939eb130-c1f3-4736-a8c3-114d4540ea6b,ulwgl-986800,,
Pankapu,amazon,c0792a8b-36a5-4899-b2ed-ab94416480fd,ulwgl-418670,,
Fractured Minds,amazon,52f0cdf8-8ef1-473b-8b6c-91eda0b51bbc,ulwgl-688740,,
Anna's Quest,amazon,7d855d2c-8232-4a39-a945-ed70baee648b,ulwgl-327220,,
Silence,amazon,7fbca6ed-dd9d-424a-80b9-26179646ecf5,ulwgl-314790,,
The Last Tinker,amazon,a1deb5e2-8d45-4836-a64a-672cd4ce5a81,ulwgl-260160,,
Max: The Curse of Brotherhood,amazon,4b011bc8-4e03-4473-b09f-62f655c2aae9,ulwgl-255390,,
Project Warlock,amazon,ee7f090a-e9a2-4635-9636-4a9249b8771c,ulwgl-893680,,
Forsaken Remastered,amazon,e294d86f-ac1e-451e-b8f2-89123f63246d,ulwgl-668980,,
Steel Rats,amazon,76cbab0f-c912-4696-9684-c659af0d85b9,ulwgl-619700,,
Dream Daddy,amazon,97205382-970c-4ec1-b12b-97c762b25e81,ulwgl-654880,,
PictoQuest,amazon,aa4e1537-0a18-474d-a7f2-8fdf1ee11ce3,ulwgl-1014040,,
Mad Tracks,amazon,be3d0669-186a-4717-a1b3-83e1e1fcc329,ulwgl-1202970,,
Reus,amazon,a3cd8e5b-9896-41c7-9cb3-585e020f2303,ulwgl-222730,,
GRIP,amazon,eb22db60-97db-4239-b345-8e540517c454,ulwgl-396900,,
Turok 2,amazon,10b70606-32b8-462a-ac40-7c3453ee1dd0,ulwgl-405830,,
Dark Devotion,amazon,890bd3c5-208c-4a93-b51c-7fc916b5e10f,ulwgl-718590,,
Kunai,amazon,bd429793-b5a8-4060-bc7c-651aab22992f,ulwgl-1001800,,
Melbits,amazon,ec85a9d6-9e83-40c6-9068-c02fdfaac4c2,ulwgl-1202820,,
Vane,amazon,9a7bb426-e5d6-4990-bca9-154cdb5dbcd4,ulwgl-1063310,,
Dungeon Rushers,amazon,1c8189ab-bcb9-4cc9-8667-057e371a89d1,ulwgl-429620,,
NeuroVoider,amazon,c4d69bc3-f144-4ba1-a883-ea97a0eb058c,ulwgl-400450,,
Shock Troopers: 2nd Squad,amazon,6350f1e0-29e9-4186-af20-d9c6d95e6032,ulwgl-465870,,
Dead In Vinland,amazon,b4f60ea6-0fca-4f41-9ffa-e3b90b3a9ebc,ulwgl-573120,,
Shaq Fu 2,amazon,969ae4a5-eb89-4ae8-858a-182a0ff9194e,ulwgl-496040,,
Warsaw,amazon,b5750a8c-652f-4a83-8bfc-82c5eb16fbf5,ulwgl-1026420,,
Treachery In Beatdown City,amazon,5f35c569-55f6-4965-8230-a3775ff949a2,ulwgl-762180,,
Blazing Chrome,amazon,75790de1-8b94-447d-8c1a-28393eb47215,ulwgl-609110,,
Chroma Squad,amazon,2ee6b231-e74f-4d55-b04b-3acc8816d6b7,ulwgl-251130,,
Truberbrook,amazon,ab770290-3067-45d0-9b10-5aa0d3475a68,ulwgl-757300,,
The Inner World,amazon,17717725-268b-468a-bfa4-674657464d3d,ulwgl-251430,,
Impulsion,amazon,99d6f109-8e0a-46ec-93bc-59fdeac739de,ulwgl-811270,,
Effie,amazon,b302b6a1-5b98-4146-a944-491982086556,ulwgl-975950,,
Outcast Second Contact,amazon,b3c36d32-49d9-4038-b7f3-a1ae9aa79c66,ulwgl-618970,,
Vostok,amazon,6c7be799-12fb-4f2d-8f6b-844483e42af8,ulwgl-656460,,
Samurai Shodown V Special,amazon,c7827e1e-8182-4d9e-bfe1-c625e7b2603b,ulwgl-1076550,,
The King of Fighters 2002 Unlimited Match,amazon,cd488e76-7247-4087-b418-06faaac5e958,ulwgl-222440,,
The King of Fighters '97 Global Match,amazon,704bc6ca-518d-4284-8604-9bd8fa94599e,ulwgl-702120,,
Shock Troopers,amazon,09c9b422-1e05-4da7-8307-42dcb2a9877e,ulwgl-366270,,
The King of Fighters '98 Ultimate Match,amazon,756758e1-80ec-4564-a100-b9417d1aed0a,ulwgl-222420,,
SEUM: Speedrunners from Hell,amazon,80be6c5e-7328-471c-924e-b4e9eb75d512,ulwgl-457210,,
Dead Age,amazon,0f7fa0ea-639f-4ffa-a79e-9551ab193203,ulwgl-363930,,
Surf World Series,amazon,935097f4-3cea-4e41-b22e-b20edb41e0dd,ulwgl-462640,,
Silver Chains,amazon,02eb9df3-491c-4c96-b509-3dc837f3916d,ulwgl-975470,,
Jay and Silent Bob: Mall Brawl,amazon,f975231e-641b-496c-865c-ef14b31b507a,ulwgl-1087440,,
Darkside Detective,amazon,9242e234-46a5-4b48-b67c-3795b4c30067,ulwgl-368390,,
KONA,amazon,e3477a8d-b638-434b-b4d0-559d5610059d,ulwgl-365160,,
Stick it to the Man,amazon,ad9998ac-f86d-488e-8d63-727b2d781429,ulwgl-251830,,
The Occupation,amazon,53c1e73d-af16-48c6-bb3f-4db8cc3e8753,ulwgl-765880,,
Extreme Exorcism,amazon,c9650db1-2e89-40cf-a593-973cff69e367,ulwgl-334100,,
Aurion: Legacy of the Kori-Odan,amazon,e717af74-a0df-4f4a-a415-887af44c3bb4,ulwgl-368080,,
Victor Vran Overkill Edition,amazon,da7d2f0c-fd75-4b14-81dc-346d109220e7,ulwgl-3288,,
Bridge Constructor: Medieval,amazon,ee62e5c5-bb8a-4e92-be8b-8ae9bb3ec0ee,ulwgl-319850,,
Genesis Alpha One Deluxe Edition,amazon,7d0c58f3-6fb1-471e-9d78-00d48f237410,ulwgl-712190,,
Ironcast,amazon,82aa61fa-70b0-4550-87be-6f35cdaea38e,ulwgl-327670,,
The Spectrum Retreat,amazon,99b3c529-785f-4b7d-b448-1a25d4b3d21c,ulwgl-763250,,
Lost Horizon,amazon,8bf7e683-9157-46e4-9744-2a8729841a12,ulwgl-40350,,
HyperDot,amazon,1099aa20-6956-41ac-8a5a-e6624d2a05b1,ulwgl-876500,,
Wizard of Legend,amazon,19ae680d-5c1e-42f6-a276-5a556b40e812,ulwgl-445980,,
Sigma Theory: Global Cold War,amazon,a947fa3c-3317-4a96-b06d-3f671d81c44d,ulwgl-716640,,
Close to the Sun,amazon,01c9088e-3278-4634-89d6-2a5074b64296,ulwgl-968870,,
Yooka-Laylee and the Impossible Lair,amazon,477ebfe3-f3a0-470b-9112-e8b9cfbf2510,ulwgl-846870,,
Sheltered,amazon,e7c6de90-7b14-4bbf-b722-162f40d77acd,ulwgl-356040,,
Bridge Constructor Playground,amazon,90dd5458-e86e-4324-b129-541d4649587b,ulwgl-279990,,
Alt Frequencies,amazon,372f336e-2387-40db-8ff1-4d2fd218aeb6,ulwgl-1035050,,
Along the Edge,amazon,be2368f5-06d1-4f64-b9f2-e2f896e14bf2,ulwgl-504390,,
Void Bastards,amazon,c9d1ea59-a0d8-4244-9289-69ab221e4db5,ulwgl-857980,,
Frozen Synapse,amazon,de86fadb-17cc-4f9b-b255-01ab9166d50b,ulwgl-98200,,
Majesty 2 Collection,amazon,b2dfa643-b116-4e3c-afe0-e73ae98a32ad,ulwgl-73020,,
Crossing Souls,amazon,61f2a18e-6fbd-4449-8b19-956aef8514c5,ulwgl-331690,,
Hotline Miami,amazon,5cb459d0-69b1-41eb-94bf-7d3c4edc74ce,ulwgl-219150,,
Cyber Hook,amazon,16fad9ee-75fc-4342-9eb2-e6f526fdddc9,ulwgl-1130410,,
Algo Bot,amazon,e10a6883-3afc-4e14-ba19-6fd0e208677e,ulwgl-286300,,
Little Big Workshop,amazon,647f3b82-8e8f-426f-b23b-0dda8d68ebf4,ulwgl-574720,,
Monster Prom,amazon,d1994ba2-45b0-476d-8c88-d655cef4e4f0,ulwgl-1140270,,
Swimsanity,amazon,1caba129-321f-4cd6-b69f-9947cc673d7f,ulwgl-877800,,
Table Manners,amazon,3ef92bf8-14d8-42db-bdf6-dd376eab0617,ulwgl-1019450,,
Strata,amazon,70f425e7-77e2-4b8c-8d3d-2a25be540fcb,ulwgl-286380,,
Adventures of Chris,amazon,09fbe8c7-5f5b-4c23-88b7-09aeb2936c7a,ulwgl-341170,,
The Academy: First Riddle,amazon,7f279a69-296c-4ab4-b82f-e4c0129c1b70,ulwgl-1155460,,
Sine Mora Ex,amazon,22c10eeb-6b68-4b49-a025-e36af43f0bbf,ulwgl-606730,,
Bomber Crew,amazon,8bfd8b43-faa3-49f7-aa87-42598dad2dda,ulwgl-537800,,Deluxe version
Tengami,amazon,285ee9a5-0bc8-4a6f-8415-aed4cf830e76,ulwgl-299680,,
Blasphemous,amazon,340e2d64-ef20-48dc-842d-f85ad1e06d2a,ulwgl-774361,,
SkyDrift,amazon,2d05b80a-41fe-4da5-9e4d-db7ecfc7dae7,ulwgl-91100,,
Boomerang Fu,amazon,81394511-4f48-4c64-9833-8e12ef1bb088,ulwgl-965680,,
Optica,amazon,64c8296f-cbea-416b-8947-a89e97a3e97a,ulwgl-947470,,
Escape Machine City: Airborne,amazon,779b8b5e-dcb0-492c-9714-907867ee9c03,ulwgl-1502800,,
The Dark Crystal: Age of Resistance Tactics,amazon,fc2c93ae-1d67-4c2e-b782-37d5f8ecd598,ulwgl-1097790,,
Move or Die - Couch Party Edition,amazon,ee44bb82-a70f-4f6d-a502-737f1bfef431,ulwgl-323850,,
Before I Forget,amazon,4f603926-ada0-4d8a-9551-0f8185b78710,ulwgl-1126600,,
Aces of the Luftwaffe – Squadron,amazon,8c5a6e9c-c20b-4942-9013-26b4926ce37a,ulwgl-859350,,
Moving Out,amazon,73df62c7-f228-4f42-9151-9ce56e13f4bb,ulwgl-996770,,
Do Not Feed the Monkeys,amazon,3d938a83-ec98-4cfb-a11f-a0fbfee934ef,ulwgl-658850,,
Iris and the Giant,amazon,cb1ee645-30be-4887-a612-a081687eec47,ulwgl-1127610,,
Figment,amazon,45468b40-7274-424c-b4c4-6b8a08901272,ulwgl-493540,,
Edgar - Bokbok in Boulzac,amazon,3a84959a-d38d-4b35-a986-34b7906cc9ca,ulwgl-1007830,,
Healer's Quest,amazon,c5ee3ad3-eb8f-481f-84f0-89ac59508064,ulwgl-598490,,
Beholder,amazon,77616bb4-bb8e-4029-9ddf-b51a9e5b761d,ulwgl-475550,,
The Blind Prophet,amazon,f95b932a-e6e2-4c2e-a6dc-4d6d38d8f92e,ulwgl-968370,,
A Blind Legend,amazon,4827253e-c4ef-4859-ae88-0f4a4ca59e06,ulwgl-437530,,
Faraway: Director's Cut,amazon,1b494f5d-78b9-4c9e-a38a-e23c9a29649a,ulwgl-883880,,
Bombslinger,amazon,88046aa6-0e4d-4f5f-b48c-37de955cc815,ulwgl-475960,,
Mana Spark,amazon,b9e2e744-da24-491c-bb81-5b77d7acde6f,ulwgl-630720,,
Frog Climbers,amazon,da0081f9-946b-4541-bd45-3cfc4a47183e,ulwgl-485120,,
BFF or Die,amazon,5b857b61-570b-4b08-b37b-7455610de1f7,ulwgl-652360,,
Newfound Courage,amazon,670651a7-1fb1-4e8f-ab17-caee6bd2f5a9,ulwgl-893790,,
Lost in Harmony,amazon,e74afea8-3411-4274-a6b5-d940c9515db0,ulwgl-509400,,
Batman: The Telltale Series,amazon,fa070ce3-b0f8-40f5-aa53-aef28e822093,ulwgl-498240,,
Spitkiss,amazon,d06adfe4-1579-4285-b742-d94533f4f341,ulwgl-949770,,
Portal Dogs,amazon,27cdbe8e-58ff-4d0b-be92-a971d882643c,ulwgl-1183200,,
RAD,amazon,8f45e476-67d8-4743-9d3c-9004251d70ba,ulwgl-722560,,
The Secret of Monkey Island: Special Edition,amazon,6ea8a67f-b21c-425b-9d1b-ce207e30ae2f,ulwgl-32360,,
Batman TellTale Series Season 2 : Enemy Within,amazon,12b2a663-73da-46cd-938a-5e4fdcac7d38,ulwgl-675260,,
The Wanderer: Frankenstein's Creature,amazon,335c61ef-7760-4bf1-89c8-c5f7552d086f,ulwgl-966670,,
Tales of the Neon Sea,amazon,cdb1066a-11db-42db-a050-3358cd248ae7,ulwgl-828740,,
Lost Horizon 2,amazon,3209409f-f01c-42a4-8edc-c0aca27f1933,ulwgl-395560,,
Another Lost Phone: Laura's Story,amazon,a34bbe60-4072-4c4d-93a6-8f4c2023e453,ulwgl-689910,,
Indiana Jones and the Fate of Atlantis,amazon,88612dcd-7348-4588-89eb-ef41d873de11,ulwgl-6010,,
Metamorphosis,amazon,5b20a285-a8ee-49bf-a186-2e64f2e379f3,ulwgl-1259960,,
Secret Files: Tunguska,amazon,eb46c3ec-c6f2-4173-870d-3eeaaaf5ae9c,ulwgl-40330,,
Tools Up!,amazon,7549f0fd-b9be-4ab3-a24c-6413e3e8ac8a,ulwgl-1004490,,
Sam & Max Hit the Road,amazon,7c594d67-625b-4673-a978-7b075306da9b,ulwgl-355170,,
Puzzle Agent,amazon,d875e876-9389-483a-af28-c5c4062c583b,ulwgl-31270,,
Candleman: The Complete Journey,amazon,ee543796-c5e8-43e7-9e49-9fb4cff615c7,ulwgl-591630,,
Unmemory,amazon,63bd3150-1264-4225-8a47-4d3b3a57d7b7,ulwgl-1388860,,
Secret Files 2: Puritas Cordis,amazon,9fa97b6c-03a4-48de-b05a-77bb123b7690,ulwgl-40340,,
Whiskey & Zombies: Great Southern Zombie Escape,amazon,amzn1.adg.product.8fffd0cc-8e7f-4d88-8267-4ab6c49d4239,ulwgl-1011320,,
Secret Files 3,amazon,amzn1.adg.product.715c7943-57b4-4fa1-9315-ad9631321d98,ulwgl-216210,,
Song of Horror Complete Edition,amazon,amzn1.adg.product.68d0df20-e8ff-495c-903b-ae4a897471e8,ulwgl-1096570,,
Tiny Robots Recharged,amazon,amzn1.adg.product.20b87aa4-24b1-444b-80d0-8a5cbc277c56,ulwgl-1709580,,
Blue Fire,amazon,amzn1.adg.product.0d364464-032c-40c9-a6da-c633a53e3374,ulwgl-1220150,,
Red Wings: Aces of the Sky,amazon,amzn1.adg.product.ac751ce2-b672-4d69-879f-96c45f290369,ulwgl-1140630,,
Puzzle Agent 2,amazon,amzn1.adg.product.deb00d63-00c9-4d80-ae82-2675d328ff07,ulwgl-94590,,
Rogue Heroes: Ruins of Tasos,amazon,amzn1.adg.product.1f9ca5dd-6835-40ee-8ab8-946ebd636caa,ulwgl-787810,,
Secret Files: Sam Peters,amazon,amzn1.adg.product.9309e573-f790-4f1a-a285-d821cb7cf583,ulwgl-257220,,
BAFL - Brakes Are For Losers,amazon,amzn1.adg.product.23434d56-fe28-4ba1-ba71-e04c90abbb96,ulwgl-573070,,
Liberated,amazon,amzn1.adg.product.e75a0723-ff30-4fb7-bc0c-edc573d99cd1,ulwgl-875310,,
Demon Hunter 2: New Chapter,amazon,amzn1.adg.product.24a8c798-49fa-4cc0-9505-112d8be51faa,ulwgl-465720,,
Morkredd,amazon,amzn1.adg.product.9c1b385e-9a72-48bc-9700-c5d72b678972,ulwgl-1331910,,
Spellcaster University,amazon,amzn1.adg.product.6dbcae9a-112b-465e-8d56-de7353603436,ulwgl-895620,,
Youtubers Life,amazon,amzn1.adg.product.a939e821-78f1-48fb-8392-1e72473a58bc,ulwgl-428690,,
Tales of Monkey Island: Chapter 1,amazon,amzn1.adg.product.71a2ec7f-719c-4278-92ea-9b74a99be7a6,ulwgl-31170,,
Stubbs the Zombie in Rebel Without a Pulse,amazon,amzn1.adg.product.84602867-465b-4365-9ea9-c108c168b733,ulwgl-7800,,
Tales of Monkey Island: Chapter 2,amazon,amzn1.adg.product.5efc992e-6086-4367-b521-c77f877eb396,ulwgl-31180,,
Tales of Monkey Island: Chapter 5,amazon,amzn1.adg.product.13a55926-e6b6-497d-b3af-9d932744d408,ulwgl-31210,,
Tales of Monkey Island: Chapter 3,amazon,amzn1.adg.product.a0b96333-d610-40d7-9658-2e754c1615ec,ulwgl-31190,,
Tales of Monkey Island: Chapter 4,amazon,amzn1.adg.product.5dacffa6-c9ff-4c8e-abae-e51e1bbafc80,ulwgl-31200,,
Fahrenheit: Indigo Prophecy Remastered,amazon,amzn1.adg.product.6ed13be7-1d52-42b0-af03-9f487492ae93,ulwgl-312840,,
WRC 7 FIA World Rally Championship,amazon,amzn1.adg.product.d81c669c-346c-4490-8abf-d1cffa7bc876,ulwgl-621830,,
Abandon Ship,amazon,amzn1.adg.product.6f7b2156-b0d8-460a-b25e-617077be4961,ulwgl-551860,,
Paper Beast - Folded Edition,amazon,amzn1.adg.product.fb6747d7-7f88-49d8-bad4-3fc662531048,ulwgl-1403830,,
In Other Waters,amazon,amzn1.adg.product.5a2dea57-7759-4312-8cd4-986ac1c46a45,ulwgl-890720,,
Two Point Hospital,amazon,amzn1.adg.product.d14f6257-7fa1-4887-a09a-666a6f051a6f,ulwgl-535930,,
Double Kick Heroes,amazon,amzn1.adg.product.9e5ecae6-9b15-4d6c-b28c-afedc5fd081a,ulwgl-589670,,
Ashwalkers: A Survival Journey,amazon,amzn1.adg.product.23dae898-e846-4aad-befb-b3247b81ae4e,ulwgl-1273690,,
Golazo! Soccer League,amazon,amzn1.adg.product.e8e78531-da5e-4651-a75e-357717f42152,ulwgl-1431040,,
As Far as the Eye,amazon,amzn1.adg.product.68184ab0-16ae-474e-8b3b-02daf82fc6d4,ulwgl-1119700,,
SteamWorld Quest: Hand of Gilgamech,amazon,amzn1.adg.product.86459162-b782-45ad-9900-8073256a94b0,ulwgl-804010,,
looK INside,amazon,amzn1.adg.product.33c7e483-297f-48ef-95ba-411ff59ca701,ulwgl-1119710,,
The Stillness of the Wind,amazon,amzn1.adg.product.a10b8ae4-785f-4aa9-bf60-844d9d0b5a25,ulwgl-828900,,
Crypto Against All Odds,amazon,amzn1.adg.product.d5f8ee2a-ecae-46dc-b620-52e54778c46f,ulwgl-1200900,,
Pesterquest,amazon,amzn1.adg.product.f2ba7372-4612-4b8c-ba91-c3d5c833d211,ulwgl-1144030,,
Turnip Boy Commits Tax Evasion,amazon,amzn1.adg.product.43251731-1ef4-4c83-8318-c16f7cf5fe8e,ulwgl-1205450,,
Guild of Ascension,amazon,amzn1.adg.product.80e086de-237d-41ca-a02b-da2544049908,ulwgl-1169520,,
Monkey Island 2 Special Edition: LeChuck’s Revenge,amazon,amzn1.adg.product.726951bc-4400-41bb-9dc3-0f51c1fa8250,ulwgl-32460,,
Nanotale - Typing Chronicles,amazon,amzn1.adg.product.d0163c0c-c2a9-4139-b83b-bfe975bfabc4,ulwgl-944920,,
Galaxy of Pen and Paper,amazon,amzn1.adg.product.b5014332-35f9-4da7-a2f3-d12789a67585,ulwgl-349790,,
The Curse of Monkey Island,amazon,amzn1.adg.product.fe83dbda-6966-4ba6-b252-33faa24034e4,ulwgl-730820,,
Shattered - Tale of the Forgotten King,amazon,amzn1.adg.product.c649ad6b-f119-4b58-9455-e021e306f8e4,ulwgl-1045180,,
Out of Line,amazon,amzn1.adg.product.df1b00ec-d2df-4fff-937a-8feb4e0c8724,ulwgl-1419290,,
Cat Quest,amazon,amzn1.adg.product.9a11bfd3-0659-4109-9f8b-2c4e011455ed,ulwgl-593280,,
Mail Mole + 'Xpress Deliveries,amazon,amzn1.adg.product.a0be5d19-cccb-4afa-a79f-1ac6f1e41444,ulwgl-1273540,,
Escape from Monkey Island™,amazon,amzn1.adg.product.5fe86d64-2c5a-4ddf-a574-6e32ca7a0031,ulwgl-730830,,
WRC 8 FIA World Rally Championship,amazon,amzn1.adg.product.0dfe3eaa-1825-4500-9b1e-92536545fd51,ulwgl-1004750,,
Calico,amazon,amzn1.adg.product.2e2c1fd6-26b3-43ae-a327-868104772841,ulwgl-1112890,,
Astrologaster,amazon,amzn1.adg.product.bd27e9f5-7d23-4b4c-ab7c-f3103d1c1b5f,ulwgl-742520,,
Across the Grooves,amazon,amzn1.adg.product.27f032e9-7a2c-4c0c-a30b-5a5d4b736701,ulwgl-957820,,
Bang Bang Racing,amazon,amzn1.adg.product.e13c50c9-d548-4e6f-a85a-7f70308279e8,ulwgl-207020,,
Gone Viral,amazon,amzn1.adg.product.90683494-2e3f-45c8-91cb-c35d659fad55,ulwgl-680030,,
Giana Sisters: Twisted Dreams,amazon,amzn1.adg.product.0a76e83e-1ecc-43eb-84bd-93e6675ec697,ulwgl-223220,,
The Crow's Eye,amazon,amzn1.adg.product.7a7cba4b-e22f-4b25-a3b2-70d513306430,ulwgl-449510,,
Metal Unit,amazon,amzn1.adg.product.16da152f-0092-4b62-8cfe-374b7b8787b3,ulwgl-1173200,,
8Doors: Arum's Afterlife Adventure,amazon,amzn1.adg.product.c82d2124-433c-4d90-beba-e1ea3f57ffd9,ulwgl-668550,,
Rain World,amazon,amzn1.adg.product.8292d474-6625-4bcd-89c0-f7bf1763a69e,ulwgl-312520,,
The Darkside Detective: A Fumble in the Dark,amazon,amzn1.adg.product.8d752461-4a70-4f1c-9bd5-d320afa9c9f1,ulwgl-795420,,
Clouds & Sheep 2,amazon,amzn1.adg.product.2cbd524e-6778-4f53-b367-b3255aca792c,ulwgl-439800,,
Maniac Mansion,amazon,amzn1.adg.product.3daaf7de-e673-483a-86e8-af3942baaf19,ulwgl-529890,,
Suzerain,amazon,amzn1.adg.product.778e283c-b65f-4f04-8184-c992bf2dfd95,ulwgl-1207650,,
Fishing: North Atlantic,amazon,amzn1.adg.product.8d72f45d-9b58-49df-9653-cfab9657b452,ulwgl-1264250,,
Fell Seal: Arbiter's Mark,amazon,amzn1.adg.product.2d4ef15f-791f-444d-a655-6dd3529fca6e,ulwgl-699170,,
Star Wars: Jedi Knight II - Jedi Outcast,amazon,amzn1.adg.product.8320bb7e-a254-4a71-82e2-d5c29cd6a687,ulwgl-6030,,
STAR WARS Republic Commando,amazon,amzn1.adg.product.334f1d96-0646-4e9b-9613-8747be0c7505,ulwgl-6000,,
Zak McKracken and the Alien Mindbenders,amazon,amzn1.adg.product.e3b3a12f-d30d-44eb-8b43-548081dc69fb,ulwgl-559070,,
Beasts of Maravilla Island,amazon,amzn1.adg.product.8f37f256-d32e-4cc4-abe5-e00eb25cef2e,ulwgl-1378020,,
Recompile,amazon,amzn1.adg.product.dc0a809d-b50b-4a55-95ca-9ea42579cd69,ulwgl-986310,,
ScourgeBringer,amazon,amzn1.adg.product.79ec5ff2-4f01-4e47-ab46-3d7909ed5572,ulwgl-1037020,,
Castle on the Coast,amazon,amzn1.adg.product.a8a58d6f-77a8-4cfc-971a-4f4be7cf34b8,ulwgl-1341900,,
Defend the Rook,amazon,amzn1.adg.product.74474738-b55e-45ee-8106-7c3342bfff89,ulwgl-1531250,,
The Dig,amazon,amzn1.adg.product.50ea4b5b-4623-42c5-b052-c26da6006cba,ulwgl-6040,,
We. The Revolution,amazon,amzn1.adg.product.2567ea69-d0ac-41d5-bc5f-6cafb38caecf,ulwgl-736850,,
Loom,amazon,amzn1.adg.product.52e7d981-3b76-4ece-b8b7-b998e13b935f,ulwgl-32340,,
Horace,amazon,amzn1.adg.product.4ee54da9-3efe-4997-acaa-028c9fc7874f,ulwgl-629090,,
Hero's Hour,amazon,amzn1.adg.product.10ea0731-48e5-452f-a5f3-7fccac3a0e9a,ulwgl-1656780,,
Whispering Willows,amazon,amzn1.adg.product.db747599-4934-4e6a-8817-ea405ef03e0e,ulwgl-288060,,
Etherborn,amazon,amzn1.adg.product.e8de124d-8354-47ee-a388-e04739df05af,ulwgl-812160,,
Last Day of June,amazon,amzn1.adg.product.4c6f3fb8-e68a-4706-a8eb-490905dfa633,ulwgl-635320,,
WRC 9,amazon,amzn1.adg.product.9e9874eb-151b-4c18-bc57-ec3605bf5e80,ulwgl-1267540,,
Desert Child,amazon,amzn1.adg.product.3d720bbb-fce0-42bb-b98e-b10e86b211bf,ulwgl-844050,,
Spinch,amazon,amzn1.adg.product.28a685b0-ded2-42e8-811a-588f438a7885,ulwgl-794240,,
The Last Blade 2,amazon,amzn1.adg.product.3a91e2f7-a434-4ca1-b1f5-6f25a1b2138d,ulwgl-702110,,
Doors: Paradox,amazon,amzn1.adg.product.f295f4c6-5707-4637-8304-6eee17658841,ulwgl-1622770,,
Brothers: A Tale of Two Sons,amazon,amzn1.adg.product.c24c4c69-8211-459c-b65b-5c6540d20270,ulwgl-225080,,
The Amazing American Circus,amazon,amzn1.adg.product.aa281e1b-252f-493d-8626-fbf3de7ad36c,ulwgl-1433860,,
Banners of Ruin,amazon,amzn1.adg.product.a647658e-409f-4d9d-a8f2-57bcd97e82a0,ulwgl-1075740,,
Metal Slug 3,amazon,amzn1.adg.product.f6ba026c-693e-4833-9c83-318b569ef454,ulwgl-250180,,
SNK 40th Anniversary Collection,amazon,amzn1.adg.product.3a202794-d9d0-47e7-8d0c-c7d5f05f5fda,ulwgl-865940,,
Metal Slug,amazon,amzn1.adg.product.a9660e7a-8760-4d78-888d-226e4ad04ecf,ulwgl-366250,,
Twinkle Star Sprites,amazon,amzn1.adg.product.2cc687be-9547-42ef-b07d-cb3de979671f,ulwgl-366280,,
The Last Blade,amazon,amzn1.adg.product.7c237770-7536-48b5-85e3-8314f6f280f2,ulwgl-465840,,
Breathedge,amazon,amzn1.adg.product.eb9378f0-b38b-44d3-bbc4-f35b96059c1a,ulwgl-738520,,
Lawn Mowing Simulator,amazon,amzn1.adg.product.46f0c5e1-82b2-449c-bb68-98974a1eb59b,ulwgl-1480560,,
Chicken Police - Paint it RED!,amazon,amzn1.adg.product.78eec9ac-6cd5-4534-854a-47fe4c702d17,ulwgl-1084640,,
Onsen Master,amazon,amzn1.adg.product.a8d9f18e-3b60-4565-aa23-40dc9e96f652,ulwgl-1334780,,
Aerial_Knight's Never Yield,amazon,amzn1.adg.product.f09132bc-ea66-4979-8d21-c540b7a7fed3,ulwgl-1323540,,
BATS: Bloodsucker Anti-Terror Squad,amazon,amzn1.adg.product.69c307ed-8065-40b6-b73e-08aaeb68d96f,ulwgl-1642110,,
One Hand Clapping,amazon,amzn1.adg.product.6348a560-70d2-4455-afc3-2a5cbcfca8aa,ulwgl-893720,,
Tunche,amazon,amzn1.adg.product.404a2c52-8e8e-4874-8f8d-2f75f105ab3a,ulwgl-887450,,
Space Warlord Organ Trading Simulator,amazon,amzn1.adg.product.14d7b5ca-e847-40e7-95d0-a932885d4239,ulwgl-1507780,,
Baldur's Gate: Enhanced Edition,amazon,amzn1.adg.product.5d35cae7-39d1-4e53-ba92-36004c4a5211,ulwgl-228280,,
Adios,amazon,amzn1.adg.product.ab888f57-d3f4-4961-a50e-eb891fe27aaa,ulwgl-1271400,,
I am Fish,amazon,amzn1.adg.product.63df2659-db6c-4841-8ef0-f828c7c2ab2c,ulwgl-1472560,,
Faraway: Arctic Escape,amazon,amzn1.adg.product.2acb36df-2414-4f0d-8fa4-cdfe9fe604fe,ulwgl-1747690,,
Peaky Blinders: Mastermind,amazon,amzn1.adg.product.5f9857c2-1f63-41ac-aea1-179056a5d5d5,ulwgl-1013310,,
Book of Demons,amazon,amzn1.adg.product.69c637c2-fa19-4993-b37c-9b66e7f87beb,ulwgl-449960,,
Icewind Dale: Enhanced Edition,amazon,amzn1.adg.product.484268fa-d1e7-4754-ad8d-a5181f12f8b0,ulwgl-321800,,
Beholder 2,amazon,amzn1.adg.product.351fef1f-8c92-4e26-a62e-9faea809705e,ulwgl-761620,,
Terraformers,amazon,amzn1.adg.product.dea380a4-8fed-4193-a0e8-ab87cf005320,ulwgl-1244800,,
Sengoku,amazon,amzn1.adg.product.2394d92a-ab59-49d5-a9d2-bb98cbae22a8,ulwgl-73210,,
Grime,amazon,amzn1.adg.product.a533b569-f163-4ad9-b0dc-e6c069695a72,ulwgl-1123050,,
Planescape Torment: Enhanced Edition,amazon,amzn1.adg.product.93c268bc-c898-4e7c-b866-ea9c93c781b0,ulwgl-466300,,
Lake,amazon,amzn1.adg.product.9d883273-8960-4ada-a67f-967d2141449c,ulwgl-1118240,,
Kardboard Kings: Card Shop Simulator,amazon,amzn1.adg.product.37d63f6f-e7c4-4b73-9b5b-94962282654a,ulwgl-1298480,,
The Almost Gone,amazon,amzn1.adg.product.38c74617-0495-40dd-aae7-29e2e8b24955,ulwgl-1115780,,
Tandem: A Tale of Shadows,amazon,amzn1.adg.product.1fde7daa-ed90-4426-b9d7-c7847d72c895,ulwgl-1436920,,
Agatha Knife,amazon,amzn1.adg.product.84883b78-8b43-4e75-99d7-03763231ca80,ulwgl-618950,,
SteamWorld Dig 2,amazon,amzn1.adg.product.ffe01392-25f2-458c-9115-c0629903818e,ulwgl-571310,,
Revita,amazon,amzn1.adg.product.c42ee7aa-7704-4330-b5b8-79df1317304e,ulwgl-1175460,,
Baldur's Gate II: Enhanced Edition,amazon,amzn1.adg.product.852e8b11-4233-42dc-be63-89f2ea9ce78f,ulwgl-257350,,
Once Upon a Jester,amazon,amzn1.adg.product.028b3ce6-d6d4-4501-b294-b7815f06fe24,ulwgl-1668190,,
Roguebook,amazon,amzn1.adg.product.3257bf63-37a6-476b-8df2-62a9f523d097,ulwgl-1076200,,
Shovel Knight Showdown,amazon,amzn1.adg.product.4be63b3e-3d40-4b28-bfc0-2bb648a9e8d5,ulwgl-1116770,,
"Cook, Serve, Delicious! 3?!",amazon,amzn1.adg.product.532703ea-5b40-42c1-85ce-bb5748d46761,ulwgl-1000030,,
NAIRI: Tower of Shirin,amazon,amzn1.adg.product.348da014-c2ff-44e7-8ea6-c8bb3e82b25c,ulwgl-802450,,
Wytchwood,amazon,amzn1.adg.product.26441a93-d672-4d03-918c-594027c620ba,ulwgl-729000,,
Blade Assault,amazon,amzn1.adg.product.4a10b5b0-d498-4a74-8053-e31f665dc82c,ulwgl-1426470,,
Star Wars: The Force Unleashed II,amazon,amzn1.adg.product.648bbdb2-2e67-4808-8732-4ee1baef09ff,ulwgl-32500,,
Driftland: The Magic Revival,amazon,amzn1.adg.product.5d60477a-bea7-4cd6-bd37-bf08bc691355,ulwgl-718650,,
Foretales,amazon,amzn1.adg.product.18ab88f2-82c7-4418-b9bb-dd14e8751d2a,ulwgl-1170080,,
In Sound Mind,amazon,amzn1.adg.product.171df735-9fe7-4c74-82ff-cd9ab92ce15a,ulwgl-1119980,,
Absolute Tactics: Daughters of Mercy,amazon,amzn1.adg.product.76af1223-346e-4e60-9252-65aed729c037,ulwgl-1636660,,
Dexter Stardust: Adventures in Outer Space,amazon,amzn1.adg.product.0d9fd292-f386-406f-895b-a9385d3dfcb5,ulwgl-1647390,,
Shotgun King: The Final Checkmate,amazon,amzn1.adg.product.033d4c95-45ea-44ab-9ded-06c8e130efde,ulwgl-1972440,,
Hundred Days,amazon,amzn1.adg.product.c1cd3750-55cc-47d5-b137-db9a8dde1617,ulwgl-1042380,,
GRUNND,amazon,amzn1.adg.product.e64b7adf-c277-41d4-b425-c70205bf6fe3,ulwgl-1449920,,
Super Adventure Hand,amazon,amzn1.adg.product.c70aeca3-dab0-4c81-9f90-93144ce113df,ulwgl-1992700,,
Evan's Remains,amazon,amzn1.adg.product.a7f4a806-7d00-448b-a373-96b82a3583e8,ulwgl-1110050,,
Star Wars: Knights of the Old Republic,amazon,amzn1.adg.product.7fc09019-f0f1-4500-9db7-224a5bc0f9d6,ulwgl-32370,,
Q.U.B.E: Director's Cut,amazon,amzn1.adg.product.476ea1d8-a621-4c11-a162-fa231c1a7a90,ulwgl-239430,,
The Dungeon of Naheulbeuk: The Amulet of Chaos,amazon,amzn1.adg.product.1e840fd5-adad-46e2-a2f2-1dc8b74756af,ulwgl-970830,,
Akka Arrh,amazon,amzn1.adg.product.0d4ae063-951a-4996-9820-e80e5f063d47,ulwgl-2005680,,
SeaOrama: World of Shipping,amazon,amzn1.adg.product.aea47d09-fa75-4def-96e0-5594074658cd,ulwgl-2002570,,
Aground,amazon,amzn1.adg.product.92d77aeb-eb4b-4907-8064-2599137dabe6,ulwgl-876650,,
A Tiny Sticker Tale,amazon,amzn1.adg.product.ec0f0479-ce53-4495-b5d5-907ec268098b,ulwgl-2322180,,
Endling: Extinction is Forever,amazon,amzn1.adg.product.21965245-d668-4a8f-818a-38133698587b,ulwgl-898890,,
APICO,amazon,amzn1.adg.product.1e783728-3de2-4114-ae25-2e4dc850d9ff,ulwgl-1390190,,
Behind the Frame: The Finest Scenery VR,amazon,amzn1.adg.product.88e5ec89-7217-4a60-823e-ab5126cd896a,ulwgl-2318230,,
Agarest: Generations of War,gog,1207666943,ulwgl-237890,,
Agarest: Generations of War 2,gog,1438083997,ulwgl-312790,,
Agarest: Generations of War Zero,gog,1426762679,ulwgl-260130,,
Far Cry Primal,ubisoft,2010,ulwgl-371660,,In game turn off mouse deadzone and toggle between fullscreen->windowed->fullscreen/borderless to fix mouse focus.
Far Cry Primal,egs,larkspur,ulwgl-371660,,In game turn off mouse deadzone and toggle between fullscreen->windowed->fullscreen/borderless to fix mouse focus.
Far Cry 3,ubisoft,46,ulwgl-220240,,
Far Cry 3,egs,hellebore,ulwgl-220240,,
Far Cry 4,ubisoft,856,ulwgl-298110,,
Far Cry 4,egs,cf87285950ba492bbdc370b9d265ea36,ulwgl-298110,,
Far Cry Blood Dragon,ubisoft,205,ulwgl-233270,,
Far Cry Blood Dragon,egs,8b9fc0e3ee7d478abc047d1a3596c568,ulwgl-233270,,
Far Cry 2,ubisoft,85,ulwgl-19900,,In game turn mouse sensitivity all the way up for mouse movement to work properly.
Far Cry 2,egs,a0b8d4482f3d4f939f35f87a3f367865,ulwgl-19900,,In game turn mouse sensitivity all the way up for mouse movement to work properly.
UNCHARTED™: Legacy of Thieves Collection,egs,8b2d6cf2b45b41f1abe91bc5b7c1e8f9,ulwgl-1659420,,
Breathedge,egs,0a20ccd3f1b3464da750a4dbf8c80d7c,ulwgl-738520,,
Tomb Raider I-III Remastered Starring Lara Croft,gog,1407750955,ulwgl-2478970,,
Tomb Raider I-III Remastered Starring Lara Croft,egs,1014022493bd421eb54dae5386502c06,ulwgl-2478970,,
Yakuza 3 Remastered,gog,1453650568,ulwgl-1088710,,
Yakuza 4 Remastered,gog,1311648027,ulwgl-1105500,,
Yakuza 6: The Song of Life,gog,1086074447,ulwgl-1388590,,
Yakuza Kiwami 2,gog,1478349159,ulwgl-927380,,
Yakuza: Like a Dragon,gog,1229228729,ulwgl-1235140,,
Ghost Master,gog,1207658687,ulwgl-6200,,
Alone in the Dark,gog,1177195295,ulwgl-1310410,,
Frostpunk 2,gog,1728870436,ulwgl-1601580,,
Frostpunk 2,egs,4f7cefeebf4d4804be3007283abe4895,ulwgl-1601580,,
Disaster Report 4: Summer Memories,gog,1167113997,ulwgl-1060210,,
Disaster Report 4: Summer Memories,egs,6684d2b2f9764f5c9c1c59de162c8a8e,ulwgl-1060210,,
The Legend of Heroes: Trails in the Sky,gog,1207665083,ulwgl-251150,,
The Legend of Heroes: Trails in the Sky SC,gog,14448264193,ulwgl-251290,,
The Legend of Heroes: Trails in the Sky the 3rd,gog,1797747105,ulwgl-436670,,
Soldier of Fortune II: Double Helix - Gold Edition,gog,1228964594,ulwgl-1228964594,,