TITLE,STORE,CODENAME,UMU_ID,COMMON ACRONYM (Optional),NOTE (Optional)
Age of Wonders,gog,1207658883,umu-61500,aow,
Age of Wonders,humble,ageofwonders,umu-61500,aow,
Borderlands 3,egs,catnip,umu-397540,bl3,
Dark and Darker,none,none,umu-2016590,dad,Standalone Dark and Darker installer
Ys Origin,gog,1422357892,umu-207350,,
Ys Origin,humble,ysorigin,umu-207350,,
Grand Theft Auto V,egs,9d2d0eb64d5c44529cece33fe2a46482,umu-271590,gtav,
Grand Theft Auto V,none,none,umu-271590,gtav,Standalone Rockstar installer
Genshin Impact,egs,41869934302e4b8cafac2d3c0e7c293d,umu-7d690c122fde4c60bed85405f343ad10,,
Genshin Impact,none,playpc,umu-genshin,,Play Store PC
Genshin Impact,none,none,umu-genshin,,Standalone PC installer
Red Dead Redemption 2,egs,heather,umu-1174180,rdr2,
Red Dead Redemption 2,none,none,umu-1174180,rdr2,Standalone Rockstar installer
Horizon Zero Dawn™ Complete Edition,gog,1209025141,umu-1151640,,
Horizon Zero Dawn™ Complete Edition,egs,grunion,umu-1151640,,
Alien Breed: Impact,gog,1905791638,umu-22610,,
Alien Breed 2: Assault,gog,1786995757,umu-22650,,
Alien Breed 3: Descent,gog,1743464065,umu-22670,,
Model 2 Emulator,none,none,umu-model2,,https://segaretro.org/Model_2_Emulator
Warframe,egs,398965b67f314d31b0683b8ea11c93a4,umu-230410,,
Warframe,none,none,umu-230410,,Standalone installer
ARK: Survival Evolved,egs,aafc587fbf654758802c8e41e4fb3255,umu-346110,,
DEATHLOOP,egs,3206dba3f9b14fd3b01c18f9dcbc864a,umu-1252330,,
The Medium,egs,bc72e23dc6494fb584a254ada099b362,umu-1293160,,
The Medium,gog,1260828108,umu-1293160,,
Indiana Jones® and the Emperor's Tomb™,gog,1425034773,umu-560430,,
Cossacks 3,gog,1797227701,umu-333420,,
UNO,egs,hussar,umu-470220,,
UNO,ubisoft,3352,umu-470220,,
Zombie Army 4: Dead War,egs,sparrow,umu-694280,,
Serious Sam 4,gog,1407036516,umu-257420,,
Into the Breach,egs,blobfish,umu-590380,,
Into the Breach,gog,2004253604,umu-590380,,
Star Wars™: Jedi Knight™ - Jedi Academy™,gog,1428935726,umu-6020,,
Star Wars™: Jedi Knight™ - Jedi Academy™,amazon,amzn1.adg.product.0127edd7-4a35-4991-ab79-ff7601a699da,umu-6020,,
Divinity: Original Sin 2 - Definitive Edition,gog,1584823040,umu-435150,,
Hogwarts Legacy,egs,fa4240e57a3c46b39f169041b7811293,umu-990080,,
Tony Hawk's Pro Skater 1+2,egs,guppy,umu-2395210,,
Satisfactory,egs,crabea,umu-526870,,
METAL GEAR SOLID,gog,1771973390,umu-1771973390,,
God of War,gog,1074905459,umu-1593500,,
God of War,egs,91bfb663fe7a4b9698ba08bd80549b34,umu-1593500,,
Baldur's Gate 3,gog,1456460669,umu-1086940,bg3,
Cyberpunk 2077,egs,ginger,umu-1091500,,
Cyberpunk 2077,gog,1423049311,umu-1091500,,
The Elder Scrolls Online,egs,4d0ff75b922447649057c237c0bd1545,umu-306130,,
The Last of Us™ Part I,egs,7e988ba04889404197fdf06c994326ed,umu-1888930,tlou,
Yakuza 5 Remastered,gog,1896187920,umu-1105510,,Requires patch alongside protonfix: https://github.com/ValveSoftware/wine/pull/205
Black Desert Online,none,none,umu-582660,bdo,
Star Citizen,none,none,umu-starcitizen,sc,Requires EAC workaround: https://starcitizen-lug.github.io
Trackmania,egs,b04882669b2e495e9f747c8560488c93,umu-2225070,tm,"also known as 'Trackmania (2020)', not to be confused with 'TrackMania (2003)'"
Trackmania,ubisoft,5595,umu-2225070,tm,"also known as 'Trackmania (2020)', not to be confused with 'TrackMania (2003)'"
Rocket League,egs,9773aa1aa54f4f7b80e44bef04986cea,umu-252950,rl,
Dorfromantik,gog,1721001406,umu-1455840,,
Quake III Arena,gog,1441704920,umu-2200,,
Deliver Us The Moon,gog,1395742506,umu-428660,,
"Warhammer 40,000: Space Marine",gog,1668484481,umu-55150,,
Project Wingman,gog,1609812781,umu-895870,,
Two Worlds Epic Edition,gog,1207658861,umu-1930,,
Oddworld: Munch's Oddysee,gog,1254027184,umu-15740,,
Gothic 3,gog,1207658986,umu-39500,,
Just Cause 2 - Complete Edition,gog,1833855510,umu-8190,,
Sleeping Dogs: Definitive Edition,gog,1741843789,umu-307690,,
Mount & Blade II: Bannerlord,gog,1564781494,umu-261550,,
STAR WARS™ Galactic Battlegrounds Saga,gog,1421404646,umu-356500,,
Necromunda: Hired Gun,gog,1618128477,umu-1222370,,
Yakuza 0,gog,1103602225,umu-638970,,
Gothic 2 Gold Edition,gog,1207658718,umu-39510,,
Cryostasis,gog,1207659011,umu-7850,,
Yakuza Kiwami,gog,1951443960,umu-834530,,
Dragon Star Varnir,gog,1579883472,umu-1062040,,
The Blind Prophet,gog,1726178326,umu-968370,,
ArcaniA: Fall of Setarrif,gog,1282519889,umu-65610,,
Stronghold HD,gog,1207658712,umu-40950,,
Sacred 2 Gold,gog,1207665233,umu-225640,,
Escape from Monkey Island™,gog,1885026907,umu-730830,,
Eador. Masters of the Broken World,gog,1207659194,umu-232050,,
The Evil Within,gog,1171957437,umu-268050,,
Gothic,gog,1207658682,umu-65540,,
Recettear: An Item Shop's Tale,gog,1441875624,umu-70400,,
Memoria,gog,1207659803,umu-243200,,
Tomb Raider 1,gog,1207663463,umu-224960,,
The Elder Scrolls V: Skyrim Special Edition,gog,1711230643,umu-489830,,
Order of Battle: World War II,gog,1744082009,umu-312450,,
Alan Wake,gog,1207659037,umu-108710,,
BIT.TRIP BEAT,gog,1460735408,umu-63700,,
BIT.TRIP BEAT,humble,bittripbeat,umu-63700,,
Super Meat Boy,humble,supermeatboy,umu-40800,,
Super Meat Boy,humble,supermeatboy_no_soundtrack,umu-40800,,
Super Meat Boy,egs,buffalo,umu-40800,,
METAL SLUG,gog,1136471182,umu-366250,,
METAL SLUG,humble,metalslug,umu-366250,,
GWENT: The Witcher Card Game,gog,1971477531,umu-1284410,,
Rebel Galaxy Outlaw,gog,1339695996,umu-910830,,
Fallout 3: Game of the Year Edition,gog,1454315831,umu-22370,,
Fallout 3: Game of the Year Edition,egs,adeae8bbfc94427db57c7dfecce3f1d4,umu-22370,,
BIT.TRIP Runner,gog,1460734409,umu-63710,,
BIT.TRIP RUNNER,humble,bittriprunner,umu-63710,,
HighFleet,gog,1589167087,umu-1434950,,
Little Nightmares,gog,1433377508,umu-424840,,
A New Beginning: Final Cut,gog,1207659150,umu-105000,,
Mafia II: Definitive Edition,gog,1449710114,umu-1030830,,
Grim Dawn,gog,1449651388,umu-219990,,
Tex Murphy: Overseer,gog,1207658769,umu-302370,,
Outlaws + A Handful of Missions,gog,1425302464,umu-559620,,
Darkstar One,gog,1207658704,umu-12330,,
IMSCARED,gog,1249814952,umu-429720,,
Re-Volt,gog,1207659863,umu-287310,,
Moero Chronicle,gog,1960775628,umu-638160,,
The Witcher 2: Assassins of Kings Enhanced Edition,gog,1207658930,umu-20920,,
ArcaniA,gog,1244052225,umu-39690,,
Hyperdimension Neptunia Re;Birth1,gog,1445338941,umu-282900,,
Darkest Hour: A Hearts of Iron Game,gog,1445505773,umu-73170,,
LEGO® Batman 2 DC Super Heroes™,gog,1193585573,umu-213330,,
WORLD OF HORROR,gog,1169377716,umu-913740,,
Beyond Good & Evil™,gog,1207658746,umu-15130,,
Space Engineers,gog,1447762725,umu-244850,,
Hyperdimension Neptunia Re;Birth2: Sisters Generation,gog,1863533702,umu-351710,,
Syberia,gog,1207658848,umu-46500,,
The Night of the Rabbit,gog,1207659218,umu-230820,,
Serious Sam: The Random Encounter,humble,serioussamrandom,umu-201480,,
Middle-earth™: Shadow of War™,gog,1324471032,umu-356190,,
Gothic 3: Forsaken Gods Enhanced Edition,gog,1207658993,umu-65600,,
Yesterday Origins,gog,1576683029,umu-465280,,
Stronghold Crusader HD,gog,1207658713,umu-40970,,
UNCHARTED™: Legacy of Thieves Collection,gog,1451150270,umu-1659420,,
Crysis®,gog,1809223221,umu-17300,,
The Bureau: XCOM® Declassified™,gog,1166983063,umu-65930,,
Ghostwire: Tokyo,egs,007ff8f4e30845a687e66aa77eb3e965,umu-1475810,,Enables NVAPI in Proton
Pumped BMX Pro,amazon,eeb2fd4c-e7aa-4e73-a1d4-071b90e1060d,umu-966720,,
Wonder Boy: The Dragon's Trap,amazon,2a236e66-9387-45ce-aa6e-fcccf0c196be,umu-543260,,
Mable and the Wood,amazon,da00f127-423b-4b3c-8099-2e3480c2faad,umu-568070,,
Automachef,amazon,e75792f0-a9ab-4b40-b1e7-7e10d30b5645,umu-984800,,
Yoku's Island Express,amazon,d238089d-956a-456b-baba-bb68a94b32a3,umu-334940,,
Stealth Inc 2: A Game of Clones,amazon,3c41236b-1f48-4ad6-976c-a1f4cb821c5e,umu-329380,,
Chicken Assassin,amazon,45968b2c-5597-4a94-b3a8-e18b77b8fb49,umu-489610,,
Orwell: Ignorance Is Strength,amazon,560c53c4-0751-4b4f-8792-0fd943e3b24a,umu-633060,,
Tacoma,amazon,605cea63-330e-4386-a5b0-17200970226f,umu-343860,,
SteamWorld Dig,amazon,97a0fb83-744d-4f83-a25f-b118fdc0729c,umu-252410,,
Stealth Bastard Deluxe,amazon,70ec0894-2707-4822-8f6d-b133eff339dd,umu-209190,,
A Good Snowman Is Hard To Build,amazon,f0dfdbe9-f3fa-456f-a2ae-4b38b78bb0a6,umu-316610,,
Hyper Light Drifter,amazon,b515a0c1-b73d-4201-aae3-1ef8fb1faf5e,umu-257850,,
Titan Souls,amazon,8d842248-54ae-4aa2-b4bf-362cb533982e,umu-297130,,
Candle,amazon,473dded6-92f7-48ee-90f3-a0209a90e2ce,umu-420060,,
Mr. Shifty,amazon,a61e553f-2e92-42e9-96df-0e44fc838990,umu-489140,,
Bomber Crew,amazon,8c105008-09cb-4049-a10f-f4a6c55aa4c7,umu-537800,,
Sid Meier's Civilization IV,amazon,d4a3192e-9578-4d6b-878e-64890323f317,umu-3900,,
Oxenfree,amazon,7efdcdb3-3a17-48df-bbe2-3bf21919ce2f,umu-388880,,
Cursed Castilla (Maldita Castilla Ex),amazon,43b30ef0-730b-44b2-abb3-c32dfb1c4029,umu-534290,,
Overcooked!,amazon,a3f5ee11-7f45-4cf2-9dd9-642fb2597124,umu-448510,,
Shadow Tactics: Blades of the Shogun,amazon,0c836900-f133-4daa-bc04-f4ddf0c62a1d,umu-418240,,
Battle Chef Brigade Deluxe,amazon,939d5b72-b8b5-46ed-be07-b469c8dcad8a,umu-452570,,
Strafe,amazon,c18c39a9-ff36-44d5-9e2e-05d5efb7abfb,umu-442780,,
Sanitarium,amazon,35390bab-dd81-42d4-93a3-f74b62caf848,umu-284050,,
System Shock: Enhanced Edition,amazon,99d11652-3f58-42f6-8a57-34fb56419dd5,umu-410710,,
Heavy Bullets,amazon,c7325e58-5895-4667-81a2-1854397fbb43,umu-297120,,
Jotun: Valhalla Edition,amazon,24759327-eff1-46c5-8670-09cf5afb5bb3,umu-323580,,
The Last Blade,amazon,4f847c19-70db-4f81-b89c-471d686344e4,umu-465840,,
Punch Club,amazon,a94ceb03-3f04-4013-b5f3-7bc24f3da1ec,umu-394310,,
The Original Strife: Veteran Edition,amazon,99446e03-f117-42da-84ad-61ea088bae52,umu-317040,,
Death Squared,amazon,694ee5bf-cecc-4a3d-b8fa-298066daaa45,umu-471810,,
Hotline Miami 2: Wrong Number,amazon,9875182a-e2d1-4124-ab59-39e463076896,umu-274170,,
Orwell,amazon,0e577bb9-8144-4535-95c5-171f49b0f7f1,umu-491950,,
Tumblestone,amazon,34cb556f-0855-4866-bcc0-3a12275d1247,umu-269710,,
Cultist Simulator,amazon,051d4284-efb9-42d6-b711-204836d28280,umu-718670,,
Kentucky Route Zero,amazon,98d02b2c-3d19-4114-bcdf-cb49c6ed7963,umu-231200,,
RunGunJumpGun,amazon,209d10a6-de1c-4988-8868-4cc69f39d908,umu-440550,,
Psychonauts,amazon,192f4336-2417-43da-b35c-d32c65f8fa65,umu-3830,,
Tyranny,amazon,4194ff96-8a00-4896-b2d3-526bf389806f,umu-362960,,
Metal Slug 2,amazon,fbcc4aaa-a6f1-469c-b34e-dc65756f7141,umu-366260,,
Tokyo 42,amazon,b28bda46-f8b8-4fe2-b087-8033c967641a,umu-490450,,
SUPERHOT,amazon,62f505d5-9210-4784-9094-17cdc868f6da,umu-322500,,
Kathy Rain,amazon,62c80ac3-3aa5-42a8-8048-a29ff819b7a8,umu-370910,,
Ken Follett's The Pillars of the Earth,amazon,c2bfad1a-cd3c-49ec-9d7b-9cfb4952753e,umu-234270,,
Republique,amazon,2f7d571e-0c1f-4b68-bbb4-8fa519800c4d,umu-317100,,
Wizardry 7: Crusaders of the Dark Savant,amazon,f2c5bd84-39e7-4302-8482-1b8471050b08,umu-245430,,
Stikbold! A Dodgeball Adventure,amazon,dc09a502-fa27-4d3c-b29d-b5629fcf2161,umu-429330,,
The Red Strings Club,amazon,c619a4f5-37a3-4314-aeea-f63d599ce3b4,umu-589780,,
Darksiders Warmastered Edition,amazon,b4b640be-1f76-45c9-b425-ac74594b6918,umu-462780,,
Aegis Defenders,amazon,5df60b68-ec08-4a80-bee6-7913ae0aad00,umu-371140,,
The Adventure Pals,amazon,a9b25161-bc1e-48ef-bf69-a4beffb1e529,umu-396710,,
Twinkle Star Sprites,amazon,66cea04c-bedf-4b41-b484-743ba3424657,umu-366280,,
SteamWorld Heist,amazon,2d7b207c-0e17-4444-8555-47eaecabae57,umu-322190,,
Downwell,amazon,fc061199-b7e3-43f7-a99c-3e00f18a1796,umu-360740,,
Layers of Fear,amazon,345b53a8-5464-427e-9e59-82280938934b,umu-391720,,
Treadnauts,amazon,23fc052e-6972-4e66-9103-a15a523832b9,umu-695970,,
Overload,amazon,e6fe2ec9-719f-443c-be30-61e3992401c9,umu-448850,,
Tales from the Borderlands,amazon,b24f49f9-d7fe-40b6-8f4d-65b0c6bf6a6b,umu-330830,,
Kingsway,amazon,3f195563-44e3-4e66-b733-efff6347d274,umu-588950,,
Majesty Gold HD,amazon,4efecef5-149b-4f34-b54e-6e026c5cfcc5,umu-25990,,
Gone Home,amazon,f41d91c5-83b4-40e1-869e-01a0d6056f97,umu-232430,,
Sokobond,amazon,dae1a796-8036-4409-a576-891e0a5b3768,umu-290260,,
For The King,amazon,f9b2486d-a6cc-4f2f-896e-0fef3360d068,umu-527230,,
Gunpoint,amazon,add77e2e-2f4e-4d12-bcfb-17765929ea78,umu-206190,,
AER Memories of Old,amazon,b3420df5-00d4-4884-96b6-1345637fd7d8,umu-331870,,
The Metronomicon,amazon,e778b2fe-5847-41ce-947e-c1539e1f81d3,umu-416790,,
Keep In Mind,amazon,d8139829-1dad-49d4-85d9-da9f7afea23b,umu-643200,,
DubWars,amazon,cf14c339-f4fd-4ace-b066-9803987be077,umu-290000,,
Clustertruck,amazon,bb09e395-9405-44ca-a17c-98df998cf216,umu-397950,,
Pikuniku,amazon,73335a5e-887c-4e9e-bd6d-11429cd7fadf,umu-572890,,
Cosmic Express,amazon,4c3b8c4b-1bf7-4893-9e20-d6a95063d243,umu-583270,,
The Swords of Ditto,amazon,c35253a1-89bf-46f4-8add-2813d5862eb3,umu-619780,,
"I, Hope",amazon,556a4404-a3f6-4ac4-8e0a-c1b4e9787255,umu-448960,,
SOMA,amazon,4d4aa4d3-cc66-4067-b959-446e4d34512f,umu-282140,,
"Dear, Esther",amazon,5e53587b-3bad-456d-bd73-b7e8b2f62423,umu-520720,,
Snake Pass,amazon,dacf2798-a6a5-4915-a3e1-c6e69a389604,umu-544330,,
Her Story,amazon,db61feca-dfb4-412f-9f81-f128ca2fef6e,umu-368370,,
The Flame In The Flood,amazon,d43e7ff9-3b1a-448d-8835-572fe729c157,umu-318600,,
Star Vikings Forever,amazon,4adb1c6e-1e22-452a-9177-2f6eb5380710,umu-488960,,
10 Second Ninja X,amazon,13a0d6e1-fce9-4b6c-9f3a-582a0f04b6b7,umu-435790,,
Joggernauts,amazon,51f2d354-61ad-4243-8404-d2fdc111fc4e,umu-747620,,
Smoke and Sacrifice,amazon,a1597314-37f8-4ed9-a31c-767bdcf6436e,umu-695100,,
This War of Mine,amazon,aa864570-a5e4-4ace-97f6-175079665488,umu-282070,,
InnerSpace,amazon,ea1eacf0-d1f5-485e-9d9c-3909ba279eff,umu-347000,,
Yooka-Laylee,amazon,96427040-1a7d-4884-a0dd-ed08bdaae57e,umu-360830,,
1979 Revolution:Black Friday,amazon,1ea7d6c0-8521-4e57-86f8-70eed1d57584,umu-388320,,
Wizardry 8,amazon,4199a103-3023-4bd0-a3a6-1d8967bc2300,umu-245450,,
Hacknet,amazon,f6e3da4d-62fd-475f-845a-6e708723de00,umu-365450,,
Next Up Hero,amazon,2dc4575e-3ea3-481d-9004-27dbc468a06e,umu-667810,,
Guild of Dungeoneering,amazon,be2b02e7-5901-4c2a-aa90-77314ee9a0d8,umu-317820,,
The Escapists,amazon,551a2cd1-9688-41fa-9a07-6af2df90b6e5,umu-298630,,
Hue,amazon,2ebae692-5e13-4ee1-a4bd-1f901bac77c6,umu-383270,,
Serial Cleaner,amazon,6e99c309-1eae-42c5-834a-eceb0b1b5166,umu-522210,,
Antihero,amazon,c118e5a8-50eb-4090-8014-c96aaa200934,umu-505640,,
Uurnog Uurnlimited,amazon,e94696a4-61ce-4930-80ba-138c0da0b433,umu-678850,,
Hard Reset Redux,amazon,3bd6c38e-24be-4609-8811-adbd2a993f07,umu-407810,,
Headlander,amazon,e0df48ae-2a71-4ffa-a888-5fd1f6a15d45,umu-340000,,
Pillars of Eternity,amazon,8120272b-11d8-47e8-9b89-2f3ff2155507,umu-291650,,
Poi,amazon,a505a548-6544-4468-8bc3-9c174299b155,umu-401810,,
Deponia,amazon,26dcc8a0-cc0d-4ca3-98f3-9e7f442f9916,umu-214340,,
High Hell,amazon,498bb66a-c291-41f4-a3ef-35a544cdb7eb,umu-673000,,
FRAMED Collection,amazon,1bad64df-146c-496e-84a9-2e102ca30f0a,umu-322450,,
Broforce,amazon,4eb1ffc1-a9a8-417b-b867-d83e07a6dfc8,umu-274190,,
Kabounce,amazon,56df4fcf-d9a1-485d-8ae2-495ff6d6ae4b,umu-431930,,
Deponia Doomsday,amazon,a99efc99-c9a5-46ad-84b9-ef55e1871d01,umu-421050,,
The Little Acre,amazon,87c79d53-6693-4de1-8973-2122da60603e,umu-423590,,
>observer_,amazon,69008e07-590b-4ea1-9aa4-f033ef8b9d2c,umu-514900,,
Wizardry 6: Bane of the Cosmic Forge,amazon,fcb11650-bb41-4fd8-a347-34b73f0934a5,umu-245410,,
Q.U.B.E. 2,amazon,b6dae532-9785-4db3-9364-2da90271cbf8,umu-359100,,
GoNNER,amazon,516feae8-f1e6-4f68-a964-e5d55f92cf8f,umu-437570,,
Manual Samuel,amazon,dceac06b-afa9-441c-bcd1-35783bcf87e8,umu-504130,,
Adam Wolfe,amazon,bd0d4f4f-988f-44a6-ab2b-5ee2595ef135,umu-483420,,
Stranger Things 3,amazon,0161ad63-95b1-4b2d-a3ea-d5aa848be195,umu-1097800,,
Deadlight: Director's Cut,amazon,bb3a962e-180e-47c2-b2ea-9790fd7d521f,umu-423950,,
Double Cross,amazon,e3bc3283-5464-4946-80b8-8ac1401f7b16,umu-838010,,
Darksiders II Deathinitive Edition,amazon,790f3b07-fc9c-4efe-bb66-32bd348a9d23,umu-388410,,
Planet Alpha,amazon,fe19ef5f-a1e0-4caf-96b4-590b2c022b15,umu-485030,,
Sword Legacy Omen,amazon,25071895-d6cb-49ce-98fe-4a2c3c92b9fc,umu-690140,,
Turmoil,amazon,9f710b74-9960-4411-bdfc-3cd846ca812c,umu-361280,,
ToeJam & Earl: Back in the Groove!,amazon,bf8a5cc7-9776-455c-b49a-d00756b14b28,umu-516110,,
When Ski Lifts Go Wrong,amazon,2ad346bf-d6b0-4f34-b462-7e1389727805,umu-638000,,
Hover,amazon,66d610ba-d613-4607-8593-206a5fca2d61,umu-280180,,
Sherlock Holmes: The Devil's Daughter,amazon,6119ce91-31d4-48dc-9084-e94c8d4c4c26,umu-350640,,
Enter the Gungeon,amazon,654f2d8c-54b9-4358-8a4b-05087d8e308b,umu-311690,,
Ape Out,amazon,b95426ba-9d31-46e2-9475-80061ba6d85f,umu-447150,,
Witcheye,amazon,0fd0cced-4200-4d1c-9584-e43640f6560e,umu-1284950,,
Gato Roboto,amazon,d4a9e1a3-a27a-4789-8c44-76781d993f70,umu-916730,,
Heave Ho,amazon,1375e4bd-eb0e-4baa-b44a-b76a1cbcbf95,umu-905340,,
Dandara,amazon,b0601d8b-40fd-436c-b819-e182636a362d,umu-612390,,
Anarcute,amazon,62a1f06b-e81e-4f53-9cb3-1daf83fb925b,umu-390720,,
Kingdom: New Lands,amazon,6dbb49c6-cd4d-416e-b7d0-cad3088d587d,umu-496300,,
A Normal Lost Phone,amazon,4be3538b-1215-4d27-ab8c-ec6548a14239,umu-523210,,
Splasher,amazon,d1bce920-1ef8-4d24-aa39-081621e06256,umu-446840,,
American Fugitive,amazon,b0ebeed0-6964-4096-b99b-9f726f794e89,umu-934780,,
Steredenn,amazon,08d1b39d-3b89-4a09-ad71-50bd0891a79c,umu-347160,,
Narcos,amazon,35eaad3d-6719-4b47-8461-c971fda8f7da,umu-914110,,
White Night,amazon,d83a9797-bf00-45b3-adb1-daa9ffde990f,umu-301560,,
Whispers of a Machine,amazon,1dc3aebe-04aa-4b78-96d9-667ba0ca891f,umu-631570,,
Mugsters,amazon,ea502fa9-4b6e-4676-aaee-432e46807ec1,umu-712180,,
Furi,amazon,4cd3fee5-38bf-46e4-a5d7-7dd377231b66,umu-423230,,
Epistory,amazon,e47db7ce-ed45-49f8-9309-6e4c189f9176,umu-398850,,
Earthlock,amazon,fca4cb06-9ea9-4dab-98fd-b2bdcd2c51c2,umu-761030,,
Turok,amazon,dd4bdb86-60c8-49a3-8d00-8fc4379a45f3,umu-405820,,
Lightmatter,amazon,15f94db5-ea1a-4fc3-844e-64d36a96ec59,umu-994140,,
Yono and the Celestial Elephants,amazon,d0e01144-55d1-4d39-9c6d-99b851b3c660,umu-602430,,
Old School Musical,amazon,cf483ab4-5aee-46a1-94fd-f1ad6028d51e,umu-398030,,
Urban Trial Playground,amazon,d0e3cd62-8bd4-4881-a8d0-825a886f8634,umu-988240,,
AVICII Invector,amazon,939eb130-c1f3-4736-a8c3-114d4540ea6b,umu-986800,,
Pankapu,amazon,c0792a8b-36a5-4899-b2ed-ab94416480fd,umu-418670,,
Fractured Minds,amazon,52f0cdf8-8ef1-473b-8b6c-91eda0b51bbc,umu-688740,,
Anna's Quest,amazon,7d855d2c-8232-4a39-a945-ed70baee648b,umu-327220,,
Silence,amazon,7fbca6ed-dd9d-424a-80b9-26179646ecf5,umu-314790,,
The Last Tinker,amazon,a1deb5e2-8d45-4836-a64a-672cd4ce5a81,umu-260160,,
Max: The Curse of Brotherhood,amazon,4b011bc8-4e03-4473-b09f-62f655c2aae9,umu-255390,,
Project Warlock,amazon,ee7f090a-e9a2-4635-9636-4a9249b8771c,umu-893680,,
Forsaken Remastered,amazon,e294d86f-ac1e-451e-b8f2-89123f63246d,umu-668980,,
Steel Rats,amazon,76cbab0f-c912-4696-9684-c659af0d85b9,umu-619700,,
Dream Daddy,amazon,97205382-970c-4ec1-b12b-97c762b25e81,umu-654880,,
PictoQuest,amazon,aa4e1537-0a18-474d-a7f2-8fdf1ee11ce3,umu-1014040,,
Mad Tracks,amazon,be3d0669-186a-4717-a1b3-83e1e1fcc329,umu-1202970,,
Reus,amazon,a3cd8e5b-9896-41c7-9cb3-585e020f2303,umu-222730,,
GRIP,amazon,eb22db60-97db-4239-b345-8e540517c454,umu-396900,,
Turok 2,amazon,10b70606-32b8-462a-ac40-7c3453ee1dd0,umu-405830,,
Dark Devotion,amazon,890bd3c5-208c-4a93-b51c-7fc916b5e10f,umu-718590,,
Kunai,amazon,bd429793-b5a8-4060-bc7c-651aab22992f,umu-1001800,,
Melbits,amazon,ec85a9d6-9e83-40c6-9068-c02fdfaac4c2,umu-1202820,,
Vane,amazon,9a7bb426-e5d6-4990-bca9-154cdb5dbcd4,umu-1063310,,
Dungeon Rushers,amazon,1c8189ab-bcb9-4cc9-8667-057e371a89d1,umu-429620,,
NeuroVoider,amazon,c4d69bc3-f144-4ba1-a883-ea97a0eb058c,umu-400450,,
Shock Troopers: 2nd Squad,amazon,6350f1e0-29e9-4186-af20-d9c6d95e6032,umu-465870,,
Dead In Vinland,amazon,b4f60ea6-0fca-4f41-9ffa-e3b90b3a9ebc,umu-573120,,
Shaq Fu 2,amazon,969ae4a5-eb89-4ae8-858a-182a0ff9194e,umu-496040,,
Warsaw,amazon,b5750a8c-652f-4a83-8bfc-82c5eb16fbf5,umu-1026420,,
Treachery In Beatdown City,amazon,5f35c569-55f6-4965-8230-a3775ff949a2,umu-762180,,
Blazing Chrome,amazon,75790de1-8b94-447d-8c1a-28393eb47215,umu-609110,,
Chroma Squad,amazon,2ee6b231-e74f-4d55-b04b-3acc8816d6b7,umu-251130,,
Truberbrook,amazon,ab770290-3067-45d0-9b10-5aa0d3475a68,umu-757300,,
The Inner World,amazon,17717725-268b-468a-bfa4-674657464d3d,umu-251430,,
Impulsion,amazon,99d6f109-8e0a-46ec-93bc-59fdeac739de,umu-811270,,
Effie,amazon,b302b6a1-5b98-4146-a944-491982086556,umu-975950,,
Outcast Second Contact,amazon,b3c36d32-49d9-4038-b7f3-a1ae9aa79c66,umu-618970,,
Vostok,amazon,6c7be799-12fb-4f2d-8f6b-844483e42af8,umu-656460,,
Samurai Shodown V Special,amazon,c7827e1e-8182-4d9e-bfe1-c625e7b2603b,umu-1076550,,
The King of Fighters 2002 Unlimited Match,amazon,cd488e76-7247-4087-b418-06faaac5e958,umu-222440,,
The King of Fighters '97 Global Match,amazon,704bc6ca-518d-4284-8604-9bd8fa94599e,umu-702120,,
Shock Troopers,amazon,09c9b422-1e05-4da7-8307-42dcb2a9877e,umu-366270,,
The King of Fighters '98 Ultimate Match,amazon,756758e1-80ec-4564-a100-b9417d1aed0a,umu-222420,,
SEUM: Speedrunners from Hell,amazon,80be6c5e-7328-471c-924e-b4e9eb75d512,umu-457210,,
Dead Age,amazon,0f7fa0ea-639f-4ffa-a79e-9551ab193203,umu-363930,,
Surf World Series,amazon,935097f4-3cea-4e41-b22e-b20edb41e0dd,umu-462640,,
Silver Chains,amazon,02eb9df3-491c-4c96-b509-3dc837f3916d,umu-975470,,
Jay and Silent Bob: Mall Brawl,amazon,f975231e-641b-496c-865c-ef14b31b507a,umu-1087440,,
Darkside Detective,amazon,9242e234-46a5-4b48-b67c-3795b4c30067,umu-368390,,
KONA,amazon,e3477a8d-b638-434b-b4d0-559d5610059d,umu-365160,,
Stick it to the Man,amazon,ad9998ac-f86d-488e-8d63-727b2d781429,umu-251830,,
The Occupation,amazon,53c1e73d-af16-48c6-bb3f-4db8cc3e8753,umu-765880,,
Extreme Exorcism,amazon,c9650db1-2e89-40cf-a593-973cff69e367,umu-334100,,
Aurion: Legacy of the Kori-Odan,amazon,e717af74-a0df-4f4a-a415-887af44c3bb4,umu-368080,,
Victor Vran Overkill Edition,amazon,da7d2f0c-fd75-4b14-81dc-346d109220e7,umu-345180,,
Bridge Constructor: Medieval,amazon,ee62e5c5-bb8a-4e92-be8b-8ae9bb3ec0ee,umu-319850,,
Genesis Alpha One Deluxe Edition,amazon,7d0c58f3-6fb1-471e-9d78-00d48f237410,umu-712190,,
Ironcast,amazon,82aa61fa-70b0-4550-87be-6f35cdaea38e,umu-327670,,
The Spectrum Retreat,amazon,99b3c529-785f-4b7d-b448-1a25d4b3d21c,umu-763250,,
Lost Horizon,amazon,8bf7e683-9157-46e4-9744-2a8729841a12,umu-40350,,
HyperDot,amazon,1099aa20-6956-41ac-8a5a-e6624d2a05b1,umu-876500,,
Wizard of Legend,amazon,19ae680d-5c1e-42f6-a276-5a556b40e812,umu-445980,,
Sigma Theory: Global Cold War,amazon,a947fa3c-3317-4a96-b06d-3f671d81c44d,umu-716640,,
Close to the Sun,amazon,01c9088e-3278-4634-89d6-2a5074b64296,umu-968870,,
Yooka-Laylee and the Impossible Lair,amazon,477ebfe3-f3a0-470b-9112-e8b9cfbf2510,umu-846870,,
Sheltered,amazon,e7c6de90-7b14-4bbf-b722-162f40d77acd,umu-356040,,
Bridge Constructor Playground,amazon,90dd5458-e86e-4324-b129-541d4649587b,umu-279990,,
Alt Frequencies,amazon,372f336e-2387-40db-8ff1-4d2fd218aeb6,umu-1035050,,
Along the Edge,amazon,be2368f5-06d1-4f64-b9f2-e2f896e14bf2,umu-504390,,
Void Bastards,amazon,c9d1ea59-a0d8-4244-9289-69ab221e4db5,umu-857980,,
Frozen Synapse,amazon,de86fadb-17cc-4f9b-b255-01ab9166d50b,umu-98200,,
Majesty 2 Collection,amazon,b2dfa643-b116-4e3c-afe0-e73ae98a32ad,umu-73020,,
Crossing Souls,amazon,61f2a18e-6fbd-4449-8b19-956aef8514c5,umu-331690,,
Hotline Miami,amazon,5cb459d0-69b1-41eb-94bf-7d3c4edc74ce,umu-219150,,
Cyber Hook,amazon,16fad9ee-75fc-4342-9eb2-e6f526fdddc9,umu-1130410,,
Algo Bot,amazon,e10a6883-3afc-4e14-ba19-6fd0e208677e,umu-286300,,
Little Big Workshop,amazon,647f3b82-8e8f-426f-b23b-0dda8d68ebf4,umu-574720,,
Monster Prom,amazon,d1994ba2-45b0-476d-8c88-d655cef4e4f0,umu-1140270,,
Swimsanity,amazon,1caba129-321f-4cd6-b69f-9947cc673d7f,umu-877800,,
Table Manners,amazon,3ef92bf8-14d8-42db-bdf6-dd376eab0617,umu-1019450,,
Strata,amazon,70f425e7-77e2-4b8c-8d3d-2a25be540fcb,umu-286380,,
Adventures of Chris,amazon,09fbe8c7-5f5b-4c23-88b7-09aeb2936c7a,umu-341170,,
The Academy: First Riddle,amazon,7f279a69-296c-4ab4-b82f-e4c0129c1b70,umu-1155460,,
Sine Mora Ex,amazon,22c10eeb-6b68-4b49-a025-e36af43f0bbf,umu-606730,,
Bomber Crew,amazon,8bfd8b43-faa3-49f7-aa87-42598dad2dda,umu-537800,,Deluxe version
Tengami,amazon,285ee9a5-0bc8-4a6f-8415-aed4cf830e76,umu-299680,,
Blasphemous,amazon,340e2d64-ef20-48dc-842d-f85ad1e06d2a,umu-774361,,
SkyDrift,amazon,2d05b80a-41fe-4da5-9e4d-db7ecfc7dae7,umu-91100,,
Boomerang Fu,amazon,81394511-4f48-4c64-9833-8e12ef1bb088,umu-965680,,
Optica,amazon,64c8296f-cbea-416b-8947-a89e97a3e97a,umu-947470,,
Escape Machine City: Airborne,amazon,779b8b5e-dcb0-492c-9714-907867ee9c03,umu-1502800,,
The Dark Crystal: Age of Resistance Tactics,amazon,fc2c93ae-1d67-4c2e-b782-37d5f8ecd598,umu-1097790,,
Move or Die - Couch Party Edition,amazon,ee44bb82-a70f-4f6d-a502-737f1bfef431,umu-323850,,
Before I Forget,amazon,4f603926-ada0-4d8a-9551-0f8185b78710,umu-1126600,,
Aces of the Luftwaffe – Squadron,amazon,8c5a6e9c-c20b-4942-9013-26b4926ce37a,umu-859350,,
Moving Out,amazon,73df62c7-f228-4f42-9151-9ce56e13f4bb,umu-996770,,
Do Not Feed the Monkeys,amazon,3d938a83-ec98-4cfb-a11f-a0fbfee934ef,umu-658850,,
Iris and the Giant,amazon,cb1ee645-30be-4887-a612-a081687eec47,umu-1127610,,
Figment,amazon,45468b40-7274-424c-b4c4-6b8a08901272,umu-493540,,
Edgar - Bokbok in Boulzac,amazon,3a84959a-d38d-4b35-a986-34b7906cc9ca,umu-1007830,,
Healer's Quest,amazon,c5ee3ad3-eb8f-481f-84f0-89ac59508064,umu-598490,,
Beholder,amazon,77616bb4-bb8e-4029-9ddf-b51a9e5b761d,umu-475550,,
The Blind Prophet,amazon,f95b932a-e6e2-4c2e-a6dc-4d6d38d8f92e,umu-968370,,
A Blind Legend,amazon,4827253e-c4ef-4859-ae88-0f4a4ca59e06,umu-437530,,
Faraway: Director's Cut,amazon,1b494f5d-78b9-4c9e-a38a-e23c9a29649a,umu-883880,,
Bombslinger,amazon,88046aa6-0e4d-4f5f-b48c-37de955cc815,umu-475960,,
Mana Spark,amazon,b9e2e744-da24-491c-bb81-5b77d7acde6f,umu-630720,,
Frog Climbers,amazon,da0081f9-946b-4541-bd45-3cfc4a47183e,umu-485120,,
BFF or Die,amazon,5b857b61-570b-4b08-b37b-7455610de1f7,umu-652360,,
Newfound Courage,amazon,670651a7-1fb1-4e8f-ab17-caee6bd2f5a9,umu-893790,,
Lost in Harmony,amazon,e74afea8-3411-4274-a6b5-d940c9515db0,umu-509400,,
Batman: The Telltale Series,amazon,fa070ce3-b0f8-40f5-aa53-aef28e822093,umu-498240,,
Spitkiss,amazon,d06adfe4-1579-4285-b742-d94533f4f341,umu-949770,,
Portal Dogs,amazon,27cdbe8e-58ff-4d0b-be92-a971d882643c,umu-1183200,,
RAD,amazon,8f45e476-67d8-4743-9d3c-9004251d70ba,umu-722560,,
The Secret of Monkey Island: Special Edition,amazon,6ea8a67f-b21c-425b-9d1b-ce207e30ae2f,umu-32360,,
Batman TellTale Series Season 2 : Enemy Within,amazon,12b2a663-73da-46cd-938a-5e4fdcac7d38,umu-675260,,
The Wanderer: Frankenstein's Creature,amazon,335c61ef-7760-4bf1-89c8-c5f7552d086f,umu-966670,,
Tales of the Neon Sea,amazon,cdb1066a-11db-42db-a050-3358cd248ae7,umu-828740,,
Lost Horizon 2,amazon,3209409f-f01c-42a4-8edc-c0aca27f1933,umu-395560,,
Another Lost Phone: Laura's Story,amazon,a34bbe60-4072-4c4d-93a6-8f4c2023e453,umu-689910,,
Indiana Jones and the Fate of Atlantis,amazon,88612dcd-7348-4588-89eb-ef41d873de11,umu-6010,,
Metamorphosis,amazon,5b20a285-a8ee-49bf-a186-2e64f2e379f3,umu-1259960,,
Secret Files: Tunguska,amazon,eb46c3ec-c6f2-4173-870d-3eeaaaf5ae9c,umu-40330,,
Tools Up!,amazon,7549f0fd-b9be-4ab3-a24c-6413e3e8ac8a,umu-1004490,,
Sam & Max Hit the Road,amazon,7c594d67-625b-4673-a978-7b075306da9b,umu-355170,,
Puzzle Agent,amazon,d875e876-9389-483a-af28-c5c4062c583b,umu-31270,,
Candleman: The Complete Journey,amazon,ee543796-c5e8-43e7-9e49-9fb4cff615c7,umu-591630,,
Unmemory,amazon,63bd3150-1264-4225-8a47-4d3b3a57d7b7,umu-1388860,,
Secret Files 2: Puritas Cordis,amazon,9fa97b6c-03a4-48de-b05a-77bb123b7690,umu-40340,,
Whiskey & Zombies: Great Southern Zombie Escape,amazon,amzn1.adg.product.8fffd0cc-8e7f-4d88-8267-4ab6c49d4239,umu-1011320,,
Secret Files 3,amazon,amzn1.adg.product.715c7943-57b4-4fa1-9315-ad9631321d98,umu-216210,,
Song of Horror Complete Edition,amazon,amzn1.adg.product.68d0df20-e8ff-495c-903b-ae4a897471e8,umu-1096570,,
Tiny Robots Recharged,amazon,amzn1.adg.product.20b87aa4-24b1-444b-80d0-8a5cbc277c56,umu-1709580,,
Blue Fire,amazon,amzn1.adg.product.0d364464-032c-40c9-a6da-c633a53e3374,umu-1220150,,
Red Wings: Aces of the Sky,amazon,amzn1.adg.product.ac751ce2-b672-4d69-879f-96c45f290369,umu-1140630,,
Puzzle Agent 2,amazon,amzn1.adg.product.deb00d63-00c9-4d80-ae82-2675d328ff07,umu-94590,,
Rogue Heroes: Ruins of Tasos,amazon,amzn1.adg.product.1f9ca5dd-6835-40ee-8ab8-946ebd636caa,umu-787810,,
Secret Files: Sam Peters,amazon,amzn1.adg.product.9309e573-f790-4f1a-a285-d821cb7cf583,umu-257220,,
BAFL - Brakes Are For Losers,amazon,amzn1.adg.product.23434d56-fe28-4ba1-ba71-e04c90abbb96,umu-573070,,
Liberated,amazon,amzn1.adg.product.e75a0723-ff30-4fb7-bc0c-edc573d99cd1,umu-875310,,
Demon Hunter 2: New Chapter,amazon,amzn1.adg.product.24a8c798-49fa-4cc0-9505-112d8be51faa,umu-465720,,
Morkredd,amazon,amzn1.adg.product.9c1b385e-9a72-48bc-9700-c5d72b678972,umu-1331910,,
Spellcaster University,amazon,amzn1.adg.product.6dbcae9a-112b-465e-8d56-de7353603436,umu-895620,,
Youtubers Life,amazon,amzn1.adg.product.a939e821-78f1-48fb-8392-1e72473a58bc,umu-428690,,
Tales of Monkey Island: Chapter 1,amazon,amzn1.adg.product.71a2ec7f-719c-4278-92ea-9b74a99be7a6,umu-31170,,
Stubbs the Zombie in Rebel Without a Pulse,amazon,amzn1.adg.product.84602867-465b-4365-9ea9-c108c168b733,umu-7800,,
Tales of Monkey Island: Chapter 2,amazon,amzn1.adg.product.5efc992e-6086-4367-b521-c77f877eb396,umu-31180,,
Tales of Monkey Island: Chapter 5,amazon,amzn1.adg.product.13a55926-e6b6-497d-b3af-9d932744d408,umu-31210,,
Tales of Monkey Island: Chapter 3,amazon,amzn1.adg.product.a0b96333-d610-40d7-9658-2e754c1615ec,umu-31190,,
Tales of Monkey Island: Chapter 4,amazon,amzn1.adg.product.5dacffa6-c9ff-4c8e-abae-e51e1bbafc80,umu-31200,,
Fahrenheit: Indigo Prophecy Remastered,amazon,amzn1.adg.product.6ed13be7-1d52-42b0-af03-9f487492ae93,umu-312840,,
WRC 7 FIA World Rally Championship,amazon,amzn1.adg.product.d81c669c-346c-4490-8abf-d1cffa7bc876,umu-621830,,
Abandon Ship,amazon,amzn1.adg.product.6f7b2156-b0d8-460a-b25e-617077be4961,umu-551860,,
Paper Beast - Folded Edition,amazon,amzn1.adg.product.fb6747d7-7f88-49d8-bad4-3fc662531048,umu-1403830,,
In Other Waters,amazon,amzn1.adg.product.5a2dea57-7759-4312-8cd4-986ac1c46a45,umu-890720,,
Two Point Hospital,amazon,amzn1.adg.product.d14f6257-7fa1-4887-a09a-666a6f051a6f,umu-535930,,
Double Kick Heroes,amazon,amzn1.adg.product.9e5ecae6-9b15-4d6c-b28c-afedc5fd081a,umu-589670,,
Ashwalkers: A Survival Journey,amazon,amzn1.adg.product.23dae898-e846-4aad-befb-b3247b81ae4e,umu-1273690,,
Golazo! Soccer League,amazon,amzn1.adg.product.e8e78531-da5e-4651-a75e-357717f42152,umu-1431040,,
As Far as the Eye,amazon,amzn1.adg.product.68184ab0-16ae-474e-8b3b-02daf82fc6d4,umu-1119700,,
SteamWorld Quest: Hand of Gilgamech,amazon,amzn1.adg.product.86459162-b782-45ad-9900-8073256a94b0,umu-804010,,
looK INside,amazon,amzn1.adg.product.33c7e483-297f-48ef-95ba-411ff59ca701,umu-1119710,,
The Stillness of the Wind,amazon,amzn1.adg.product.a10b8ae4-785f-4aa9-bf60-844d9d0b5a25,umu-828900,,
Crypto Against All Odds,amazon,amzn1.adg.product.d5f8ee2a-ecae-46dc-b620-52e54778c46f,umu-1200900,,
Pesterquest,amazon,amzn1.adg.product.f2ba7372-4612-4b8c-ba91-c3d5c833d211,umu-1144030,,
Turnip Boy Commits Tax Evasion,amazon,amzn1.adg.product.43251731-1ef4-4c83-8318-c16f7cf5fe8e,umu-1205450,,
Guild of Ascension,amazon,amzn1.adg.product.80e086de-237d-41ca-a02b-da2544049908,umu-1169520,,
Monkey Island 2 Special Edition: LeChuck’s Revenge,amazon,amzn1.adg.product.726951bc-4400-41bb-9dc3-0f51c1fa8250,umu-32460,,
Nanotale - Typing Chronicles,amazon,amzn1.adg.product.d0163c0c-c2a9-4139-b83b-bfe975bfabc4,umu-944920,,
Galaxy of Pen and Paper,amazon,amzn1.adg.product.b5014332-35f9-4da7-a2f3-d12789a67585,umu-349790,,
The Curse of Monkey Island,amazon,amzn1.adg.product.fe83dbda-6966-4ba6-b252-33faa24034e4,umu-730820,,
Shattered - Tale of the Forgotten King,amazon,amzn1.adg.product.c649ad6b-f119-4b58-9455-e021e306f8e4,umu-1045180,,
Out of Line,amazon,amzn1.adg.product.df1b00ec-d2df-4fff-937a-8feb4e0c8724,umu-1419290,,
Cat Quest,amazon,amzn1.adg.product.9a11bfd3-0659-4109-9f8b-2c4e011455ed,umu-593280,,
Mail Mole + 'Xpress Deliveries,amazon,amzn1.adg.product.a0be5d19-cccb-4afa-a79f-1ac6f1e41444,umu-1273540,,
Escape from Monkey Island™,amazon,amzn1.adg.product.5fe86d64-2c5a-4ddf-a574-6e32ca7a0031,umu-730830,,
WRC 8 FIA World Rally Championship,amazon,amzn1.adg.product.0dfe3eaa-1825-4500-9b1e-92536545fd51,umu-1004750,,
Calico,amazon,amzn1.adg.product.2e2c1fd6-26b3-43ae-a327-868104772841,umu-1112890,,
Astrologaster,amazon,amzn1.adg.product.bd27e9f5-7d23-4b4c-ab7c-f3103d1c1b5f,umu-742520,,
Across the Grooves,amazon,amzn1.adg.product.27f032e9-7a2c-4c0c-a30b-5a5d4b736701,umu-957820,,
Bang Bang Racing,amazon,amzn1.adg.product.e13c50c9-d548-4e6f-a85a-7f70308279e8,umu-207020,,
Gone Viral,amazon,amzn1.adg.product.90683494-2e3f-45c8-91cb-c35d659fad55,umu-680030,,
Giana Sisters: Twisted Dreams,amazon,amzn1.adg.product.0a76e83e-1ecc-43eb-84bd-93e6675ec697,umu-223220,,
The Crow's Eye,amazon,amzn1.adg.product.7a7cba4b-e22f-4b25-a3b2-70d513306430,umu-449510,,
Metal Unit,amazon,amzn1.adg.product.16da152f-0092-4b62-8cfe-374b7b8787b3,umu-1173200,,
8Doors: Arum's Afterlife Adventure,amazon,amzn1.adg.product.c82d2124-433c-4d90-beba-e1ea3f57ffd9,umu-668550,,
Rain World,amazon,amzn1.adg.product.8292d474-6625-4bcd-89c0-f7bf1763a69e,umu-312520,,
The Darkside Detective: A Fumble in the Dark,amazon,amzn1.adg.product.8d752461-4a70-4f1c-9bd5-d320afa9c9f1,umu-795420,,
Clouds & Sheep 2,amazon,amzn1.adg.product.2cbd524e-6778-4f53-b367-b3255aca792c,umu-439800,,
Maniac Mansion,amazon,amzn1.adg.product.3daaf7de-e673-483a-86e8-af3942baaf19,umu-529890,,
Suzerain,amazon,amzn1.adg.product.778e283c-b65f-4f04-8184-c992bf2dfd95,umu-1207650,,
Fishing: North Atlantic,amazon,amzn1.adg.product.8d72f45d-9b58-49df-9653-cfab9657b452,umu-1264250,,
Fell Seal: Arbiter's Mark,amazon,amzn1.adg.product.2d4ef15f-791f-444d-a655-6dd3529fca6e,umu-699170,,
Star Wars: Jedi Knight II - Jedi Outcast,amazon,amzn1.adg.product.8320bb7e-a254-4a71-82e2-d5c29cd6a687,umu-6030,,
STAR WARS Republic Commando,amazon,amzn1.adg.product.334f1d96-0646-4e9b-9613-8747be0c7505,umu-6000,,
Zak McKracken and the Alien Mindbenders,amazon,amzn1.adg.product.e3b3a12f-d30d-44eb-8b43-548081dc69fb,umu-559070,,
Beasts of Maravilla Island,amazon,amzn1.adg.product.8f37f256-d32e-4cc4-abe5-e00eb25cef2e,umu-1378020,,
Recompile,amazon,amzn1.adg.product.dc0a809d-b50b-4a55-95ca-9ea42579cd69,umu-986310,,
ScourgeBringer,amazon,amzn1.adg.product.79ec5ff2-4f01-4e47-ab46-3d7909ed5572,umu-1037020,,
Castle on the Coast,amazon,amzn1.adg.product.a8a58d6f-77a8-4cfc-971a-4f4be7cf34b8,umu-1341900,,
Defend the Rook,amazon,amzn1.adg.product.74474738-b55e-45ee-8106-7c3342bfff89,umu-1531250,,
The Dig,amazon,amzn1.adg.product.50ea4b5b-4623-42c5-b052-c26da6006cba,umu-6040,,
We. The Revolution,amazon,amzn1.adg.product.2567ea69-d0ac-41d5-bc5f-6cafb38caecf,umu-736850,,
Loom,amazon,amzn1.adg.product.52e7d981-3b76-4ece-b8b7-b998e13b935f,umu-32340,,
Horace,amazon,amzn1.adg.product.4ee54da9-3efe-4997-acaa-028c9fc7874f,umu-629090,,
Hero's Hour,amazon,amzn1.adg.product.10ea0731-48e5-452f-a5f3-7fccac3a0e9a,umu-1656780,,
Whispering Willows,amazon,amzn1.adg.product.db747599-4934-4e6a-8817-ea405ef03e0e,umu-288060,,
Etherborn,amazon,amzn1.adg.product.e8de124d-8354-47ee-a388-e04739df05af,umu-812160,,
Last Day of June,amazon,amzn1.adg.product.4c6f3fb8-e68a-4706-a8eb-490905dfa633,umu-635320,,
WRC 9,amazon,amzn1.adg.product.9e9874eb-151b-4c18-bc57-ec3605bf5e80,umu-1267540,,
Desert Child,amazon,amzn1.adg.product.3d720bbb-fce0-42bb-b98e-b10e86b211bf,umu-844050,,
Spinch,amazon,amzn1.adg.product.28a685b0-ded2-42e8-811a-588f438a7885,umu-794240,,
The Last Blade 2,amazon,amzn1.adg.product.3a91e2f7-a434-4ca1-b1f5-6f25a1b2138d,umu-702110,,
Doors: Paradox,amazon,amzn1.adg.product.f295f4c6-5707-4637-8304-6eee17658841,umu-1622770,,
Brothers: A Tale of Two Sons,amazon,amzn1.adg.product.c24c4c69-8211-459c-b65b-5c6540d20270,umu-225080,,
The Amazing American Circus,amazon,amzn1.adg.product.aa281e1b-252f-493d-8626-fbf3de7ad36c,umu-1433860,,
Banners of Ruin,amazon,amzn1.adg.product.a647658e-409f-4d9d-a8f2-57bcd97e82a0,umu-1075740,,
Metal Slug 3,amazon,amzn1.adg.product.f6ba026c-693e-4833-9c83-318b569ef454,umu-250180,,
SNK 40th Anniversary Collection,amazon,amzn1.adg.product.3a202794-d9d0-47e7-8d0c-c7d5f05f5fda,umu-865940,,
Metal Slug,amazon,amzn1.adg.product.a9660e7a-8760-4d78-888d-226e4ad04ecf,umu-366250,,
Twinkle Star Sprites,amazon,amzn1.adg.product.2cc687be-9547-42ef-b07d-cb3de979671f,umu-366280,,
The Last Blade,amazon,amzn1.adg.product.7c237770-7536-48b5-85e3-8314f6f280f2,umu-465840,,
Breathedge,amazon,amzn1.adg.product.eb9378f0-b38b-44d3-bbc4-f35b96059c1a,umu-738520,,
Lawn Mowing Simulator,amazon,amzn1.adg.product.46f0c5e1-82b2-449c-bb68-98974a1eb59b,umu-1480560,,
Chicken Police - Paint it RED!,amazon,amzn1.adg.product.78eec9ac-6cd5-4534-854a-47fe4c702d17,umu-1084640,,
Onsen Master,amazon,amzn1.adg.product.a8d9f18e-3b60-4565-aa23-40dc9e96f652,umu-1334780,,
Aerial_Knight's Never Yield,amazon,amzn1.adg.product.f09132bc-ea66-4979-8d21-c540b7a7fed3,umu-1323540,,
BATS: Bloodsucker Anti-Terror Squad,amazon,amzn1.adg.product.69c307ed-8065-40b6-b73e-08aaeb68d96f,umu-1642110,,
One Hand Clapping,amazon,amzn1.adg.product.6348a560-70d2-4455-afc3-2a5cbcfca8aa,umu-893720,,
Tunche,amazon,amzn1.adg.product.404a2c52-8e8e-4874-8f8d-2f75f105ab3a,umu-887450,,
Space Warlord Organ Trading Simulator,amazon,amzn1.adg.product.14d7b5ca-e847-40e7-95d0-a932885d4239,umu-1507780,,
Baldur's Gate: Enhanced Edition,amazon,amzn1.adg.product.5d35cae7-39d1-4e53-ba92-36004c4a5211,umu-228280,,
Adios,amazon,amzn1.adg.product.ab888f57-d3f4-4961-a50e-eb891fe27aaa,umu-1271400,,
I am Fish,amazon,amzn1.adg.product.63df2659-db6c-4841-8ef0-f828c7c2ab2c,umu-1472560,,
Faraway: Arctic Escape,amazon,amzn1.adg.product.2acb36df-2414-4f0d-8fa4-cdfe9fe604fe,umu-1747690,,
Peaky Blinders: Mastermind,amazon,amzn1.adg.product.5f9857c2-1f63-41ac-aea1-179056a5d5d5,umu-1013310,,
Book of Demons,amazon,amzn1.adg.product.69c637c2-fa19-4993-b37c-9b66e7f87beb,umu-449960,,
Icewind Dale: Enhanced Edition,amazon,amzn1.adg.product.484268fa-d1e7-4754-ad8d-a5181f12f8b0,umu-321800,,
Beholder 2,amazon,amzn1.adg.product.351fef1f-8c92-4e26-a62e-9faea809705e,umu-761620,,
Terraformers,amazon,amzn1.adg.product.dea380a4-8fed-4193-a0e8-ab87cf005320,umu-1244800,,
Sengoku,amazon,amzn1.adg.product.2394d92a-ab59-49d5-a9d2-bb98cbae22a8,umu-73210,,
Grime,amazon,amzn1.adg.product.a533b569-f163-4ad9-b0dc-e6c069695a72,umu-1123050,,
Planescape Torment: Enhanced Edition,amazon,amzn1.adg.product.93c268bc-c898-4e7c-b866-ea9c93c781b0,umu-466300,,
Lake,amazon,amzn1.adg.product.9d883273-8960-4ada-a67f-967d2141449c,umu-1118240,,
Kardboard Kings: Card Shop Simulator,amazon,amzn1.adg.product.37d63f6f-e7c4-4b73-9b5b-94962282654a,umu-1298480,,
The Almost Gone,amazon,amzn1.adg.product.38c74617-0495-40dd-aae7-29e2e8b24955,umu-1115780,,
Tandem: A Tale of Shadows,amazon,amzn1.adg.product.1fde7daa-ed90-4426-b9d7-c7847d72c895,umu-1436920,,
Agatha Knife,amazon,amzn1.adg.product.84883b78-8b43-4e75-99d7-03763231ca80,umu-618950,,
SteamWorld Dig 2,amazon,amzn1.adg.product.ffe01392-25f2-458c-9115-c0629903818e,umu-571310,,
Revita,amazon,amzn1.adg.product.c42ee7aa-7704-4330-b5b8-79df1317304e,umu-1175460,,
Baldur's Gate II: Enhanced Edition,amazon,amzn1.adg.product.852e8b11-4233-42dc-be63-89f2ea9ce78f,umu-257350,,
Once Upon a Jester,amazon,amzn1.adg.product.028b3ce6-d6d4-4501-b294-b7815f06fe24,umu-1668190,,
Roguebook,amazon,amzn1.adg.product.3257bf63-37a6-476b-8df2-62a9f523d097,umu-1076200,,
Shovel Knight Showdown,amazon,amzn1.adg.product.4be63b3e-3d40-4b28-bfc0-2bb648a9e8d5,umu-1116770,,
"Cook, Serve, Delicious! 3?!",amazon,amzn1.adg.product.532703ea-5b40-42c1-85ce-bb5748d46761,umu-1000030,,
NAIRI: Tower of Shirin,amazon,amzn1.adg.product.348da014-c2ff-44e7-8ea6-c8bb3e82b25c,umu-802450,,
Wytchwood,amazon,amzn1.adg.product.26441a93-d672-4d03-918c-594027c620ba,umu-729000,,
Blade Assault,amazon,amzn1.adg.product.4a10b5b0-d498-4a74-8053-e31f665dc82c,umu-1426470,,
Star Wars: The Force Unleashed II,amazon,amzn1.adg.product.648bbdb2-2e67-4808-8732-4ee1baef09ff,umu-32500,,
Driftland: The Magic Revival,amazon,amzn1.adg.product.5d60477a-bea7-4cd6-bd37-bf08bc691355,umu-718650,,
Foretales,amazon,amzn1.adg.product.18ab88f2-82c7-4418-b9bb-dd14e8751d2a,umu-1170080,,
In Sound Mind,amazon,amzn1.adg.product.171df735-9fe7-4c74-82ff-cd9ab92ce15a,umu-1119980,,
Absolute Tactics: Daughters of Mercy,amazon,amzn1.adg.product.76af1223-346e-4e60-9252-65aed729c037,umu-1636660,,
Dexter Stardust: Adventures in Outer Space,amazon,amzn1.adg.product.0d9fd292-f386-406f-895b-a9385d3dfcb5,umu-1647390,,
Shotgun King: The Final Checkmate,amazon,amzn1.adg.product.033d4c95-45ea-44ab-9ded-06c8e130efde,umu-1972440,,
Hundred Days,amazon,amzn1.adg.product.c1cd3750-55cc-47d5-b137-db9a8dde1617,umu-1042380,,
GRUNND,amazon,amzn1.adg.product.e64b7adf-c277-41d4-b425-c70205bf6fe3,umu-1449920,,
Super Adventure Hand,amazon,amzn1.adg.product.c70aeca3-dab0-4c81-9f90-93144ce113df,umu-1992700,,
Evan's Remains,amazon,amzn1.adg.product.a7f4a806-7d00-448b-a373-96b82a3583e8,umu-1110050,,
Star Wars: Knights of the Old Republic,amazon,amzn1.adg.product.7fc09019-f0f1-4500-9db7-224a5bc0f9d6,umu-32370,,
Q.U.B.E: Director's Cut,amazon,amzn1.adg.product.476ea1d8-a621-4c11-a162-fa231c1a7a90,umu-239430,,
The Dungeon of Naheulbeuk: The Amulet of Chaos,amazon,amzn1.adg.product.1e840fd5-adad-46e2-a2f2-1dc8b74756af,umu-970830,,
Akka Arrh,amazon,amzn1.adg.product.0d4ae063-951a-4996-9820-e80e5f063d47,umu-2005680,,
SeaOrama: World of Shipping,amazon,amzn1.adg.product.aea47d09-fa75-4def-96e0-5594074658cd,umu-2002570,,
Aground,amazon,amzn1.adg.product.92d77aeb-eb4b-4907-8064-2599137dabe6,umu-876650,,
A Tiny Sticker Tale,amazon,amzn1.adg.product.ec0f0479-ce53-4495-b5d5-907ec268098b,umu-2322180,,
Endling: Extinction is Forever,amazon,amzn1.adg.product.21965245-d668-4a8f-818a-38133698587b,umu-898890,,
APICO,amazon,amzn1.adg.product.1e783728-3de2-4114-ae25-2e4dc850d9ff,umu-1390190,,
Behind the Frame: The Finest Scenery VR,amazon,amzn1.adg.product.88e5ec89-7217-4a60-823e-ab5126cd896a,umu-2318230,,
Agarest: Generations of War,gog,1207666943,umu-237890,,
Agarest: Generations of War 2,gog,1438083997,umu-312790,,
Agarest: Generations of War Zero,gog,1426762679,umu-260130,,
Far Cry Primal,ubisoft,2010,umu-371660,,In game turn off mouse deadzone and toggle between fullscreen->windowed->fullscreen/borderless to fix mouse focus.
Far Cry Primal,egs,larkspur,umu-371660,,In game turn off mouse deadzone and toggle between fullscreen->windowed->fullscreen/borderless to fix mouse focus.
Far Cry 3,ubisoft,46,umu-220240,,
Far Cry 3,egs,hellebore,umu-220240,,
Far Cry 4,ubisoft,856,umu-298110,,
Far Cry 4,egs,cf87285950ba492bbdc370b9d265ea36,umu-298110,,
Far Cry Blood Dragon,ubisoft,205,umu-233270,,
Far Cry Blood Dragon,egs,8b9fc0e3ee7d478abc047d1a3596c568,umu-233270,,
Far Cry 2,ubisoft,85,umu-19900,,In game turn mouse sensitivity all the way up for mouse movement to work properly.
Far Cry 2,egs,a0b8d4482f3d4f939f35f87a3f367865,umu-19900,,In game turn mouse sensitivity all the way up for mouse movement to work properly.
Far Cry 2,gog,1207659042,umu-19900,,In game turn mouse sensitivity all the way up for mouse movement to work properly.
UNCHARTED™: Legacy of Thieves Collection,egs,8b2d6cf2b45b41f1abe91bc5b7c1e8f9,umu-1659420,,
Breathedge,egs,0a20ccd3f1b3464da750a4dbf8c80d7c,umu-738520,,
Tomb Raider I-III Remastered Starring Lara Croft,gog,1407750955,umu-2478970,,
Tomb Raider I-III Remastered Starring Lara Croft,egs,1014022493bd421eb54dae5386502c06,umu-2478970,,
Yakuza 3 Remastered,gog,1453650568,umu-1088710,,
Yakuza 4 Remastered,gog,1311648027,umu-1105500,,
Yakuza 6: The Song of Life,gog,1086074447,umu-1388590,,
Yakuza Kiwami 2,gog,1478349159,umu-927380,,
Yakuza: Like a Dragon,gog,1229228729,umu-1235140,,
Ghost Master,gog,1207658687,umu-6200,,
Alone in the Dark,gog,1177195295,umu-1310410,,
Frostpunk 2,gog,1728870436,umu-1601580,,
Frostpunk 2,egs,4f7cefeebf4d4804be3007283abe4895,umu-1601580,,
Disaster Report 4: Summer Memories,gog,1167113997,umu-1060210,,
Disaster Report 4: Summer Memories,egs,6684d2b2f9764f5c9c1c59de162c8a8e,umu-1060210,,
The Legend of Heroes: Trails in the Sky,gog,1207665083,umu-251150,,
The Legend of Heroes: Trails in the Sky SC,gog,14448264193,umu-251290,,
The Legend of Heroes: Trails in the Sky the 3rd,gog,1797747105,umu-436670,,
Duke Nukem: Manhattan Project,zoomplatform,e87704e6-e558-4605-8981-89a7914742e0,umu-240200,,Has specific fixes for the launcher and wrapper (Enhanced Edition)
Soldier of Fortune II: Double Helix - Gold Edition,gog,1228964594,umu-1228964594,,
KINGDOM HEARTS HD 1.5+2.5 ReMIX,egs,68c214c58f694ae88c2dab6f209b43e4,umu-2552430,,
KINGDOM HEARTS III + Re Mind (DLC),egs,fd711544a06543e0ab1b0808de334120,umu-2552450,,
Hardwar,zoomplatform,7ea03b9c-98d7-4ba1-a1e8-40e266233950,umu-1500540,,
Street Racing Syndicate,zoomplatform,a7d5a1bd-242c-4d57-9b72-6d94b63e9b51,umu-292410,,
Assassin's Creed: Valhalla,ubisoft,13504,umu-2208920,,
Tesla Effect: A Tex Murphy Adventure,gog,1207664503,umu-261510,,
Tesla Effect: A Tex Murphy Adventure,humble,teslaeffect_atexmurphyadventure,umu-261510,,
They Are Billions,gog,1335738339,umu-644930,,
Batman: Arkham Asylum Game of the Year Edition,gog,1482504285,umu-35140,,
Batman: Arkham Asylum Game of the Year Edition,egs,godwit,umu-35140,,
Batman: Arkham City - Game of the Year Edition,egs,egret,umu-200260,,
Tempest 4000,amazon,amzn1.adg.product.fab161b8-af6f-4160-831a-5a4df46a2907,umu-688140,,
SCARF,amazon,amzn1.adg.product.bcce181d-9bb0-4feb-8cac-1aad48afb56b,umu-645320,,
1812: Napoleon Wars,zoomplatform,358cab61-963a-4fe8-92ff-e4f13acf976d,umu-1166230,,
688(I) Hunter/Killer,zoomplatform,1647cc7f-cf3f-4d2d-834e-6962636b9f36,umu-2900,,
A Boy and His Blob,zoomplatform,32f8bf4c-5827-44c7-9b06-1cdca03a5504,umu-281200,,
A Stroke of Fate: Operation Bunker,zoomplatform,300af44f-5568-4e6c-bf06-74ecfadedeb4,umu-372570,,
A Stroke of Fate: Operation Valkyrie,zoomplatform,930b9b6a-13e6-4c33-9894-e6991bf4f4f8,umu-10240,,
A Tale of Two Kingdoms,zoomplatform,8350de3f-a10d-4d97-9be4-555b143ffb25,umu-603870,,
A Vampyre Story,zoomplatform,8e4ff9e4-1621-47d0-972c-a5481161c7ff,umu-313870,,
A.I.M. 2: Clan Wars,zoomplatform,f156df6f-beb2-4fae-bdcd-e72091abba07,umu-289180,,
A.I.M. Racing,zoomplatform,b01425fe-4f3f-4895-8255-5e0baf6d7bea,umu-46200,,
Actua Ice Hockey 2,zoomplatform,53715ede-5c28-4e28-a74f-6e262d77fa2a,umu-2152720,,
Actua Soccer 3,zoomplatform,c1853ea8-2939-47d3-ba51-a7bf6644bcb9,umu-285030,,
Actua Tennis,zoomplatform,d9bb185e-8524-4fe0-bb34-c7edb19c9eb2,umu-2152730,,
Advent Rising,zoomplatform,de53e97c-d46e-4c7b-a2e5-51f967b952c0,umu-3800,,
Airport Madness: World Edition,zoomplatform,d3d886fa-4e4c-4540-998a-6439dbddeb53,umu-369290,,
Alekhine's Gun,zoomplatform,86b63fbd-0b0b-4246-8b21-2113af197c43,umu-406720,,
Alien Hallway,zoomplatform,c789429d-119d-4556-87f9-523852d54452,umu-98900,,
Alien Shooter,zoomplatform,a8c112f3-01e5-4f3d-b8ae-f874552c7c2a,umu-33100,,
Alien Shooter 2: Conscription,zoomplatform,cae3efd2-1d03-43f2-9e5c-da718526d764,umu-211010,,
Alien Shooter 2: Reloaded,zoomplatform,4af1625e-3da7-49ae-abeb-b69cdd6df2f5,umu-33120,,
Alien Shooter: Revisited,zoomplatform,31569ba2-946f-4fdb-aec9-de6cb839cfc6,umu-33110,,
Aliens versus Predator Classic 2000,zoomplatform,ead56662-66c7-4948-a1cc-42b3e580e58f,umu-3730,,
American McGee's Grimm,zoomplatform,5aa13cf4-2f7f-4dfd-bbfe-a7266739f874,umu-252150,,a.k.a Grimm
Amerzone: The Explorer's Legacy,zoomplatform,cff47ec7-d08d-477e-b364-fab84689c3de,umu-302190,,
Ankh - Anniversary Edition,zoomplatform,f639e224-bf7f-47b8-81ba-43b4500000fb,umu-353980,,
Ankh 2: Heart of Osiris,zoomplatform,65bcf6eb-b4a6-45da-897d-d232ca092fc3,umu-12440,,
Ankh 3: Battle of the Gods,zoomplatform,bfb91bf1-2242-46c9-bb3c-304659fe0fd6,umu-12450,,
Arthur's Computer Adventure,zoomplatform,9cc326dd-7f9f-4e2a-a65f-264bca98149f,umu-2471170,,
Arthur's Reading Race,zoomplatform,61f667c9-5a20-4118-836d-f8655999f771,umu-2471160,,
Arthur's Teacher Trouble,zoomplatform,64b7c330-fb3c-4c27-bae1-69af79a34d29,umu-2471150,,
Ascension to the Throne,zoomplatform,e4369a77-66c4-4ab8-ab29-f84bb8112cdd,umu-289200,,
Asian Food Cart Tycoon,zoomplatform,bf637564-86bb-4102-88bb-8139c2058e4b,umu-2224430,,
Atlantis II: Beyond Atlantis,zoomplatform,5a246f04-64b0-4884-9d78-e4198bc21f29,umu-362920,,
Back to Bed,zoomplatform,212c9401-c6d5-44e5-8bec-59711a0e7c01,umu-308040,,
Bad Rats Show,zoomplatform,aa2ef104-1b72-44c6-b65c-c6e84fc05a96,umu-393200,,
Bad Rats: The Rats' Revenge,zoomplatform,14e6451d-9d85-4817-a804-b1331271d68d,umu-34900,,
Battle of Europe,zoomplatform,180b38a7-e88f-47bd-8122-d83fb3413296,umu-321710,,
Battle vs. Chess,zoomplatform,f140398d-ffea-4bc0-be8a-47d6bd16f406,umu-211050,,aka: Check vs. Mate
Beer!,zoomplatform,919f76bb-05f6-48b1-9882-cead471dd8b7,umu-782280,,
Big Mutha Truckers 2,zoomplatform,084fefe4-ff19-4fa6-aeb3-0148f7db9975,umu-1377920,,a.k.a Big Mutha Truckers 2: Truck Me Harder
Black Moon Chronicles,zoomplatform,8549b496-7650-4ff7-bd0b-f1e8fbcbad87,umu-501500,,
Blackguards,zoomplatform,19d2fe0a-4332-4142-89d1-890dbcd6bda4,umu-249650,,
Blackguards 2,zoomplatform,95d10b37-7456-45db-b986-22fa376962da,umu-314830,,
Blackhole,zoomplatform,cd8d03bc-5060-4414-8fd3-cc1dc1de0632,umu-322680,,
BloodRayne,zoomplatform,80f8e98c-10d6-441c-99bc-e7bd9d6c9688,umu-3810,,
BloodRayne 2,zoomplatform,c0ad919f-f56e-45de-aead-2f06ce867865,umu-3820,,
BloodRayne: Betrayal,zoomplatform,d9d87011-24b9-4392-8f97-df7cc28792a1,umu-281220,,
Bomb the Monsters!,zoomplatform,50359ae9-402d-4422-b5e5-5d0ade267c1a,umu-355020,,
BoomTown! Deluxe,zoomplatform,89cc716b-2848-44f7-9a1f-bdea7fc1a7d4,umu-536750,,
BorderZone,zoomplatform,bd12345d-8a6c-420f-af8d-fbb7f74e8228,umu-289220,,
Breezeblox,zoomplatform,709888bd-470f-4458-87aa-57ecfb02fc41,umu-370080,,
Brigade E5: New Jagged Union,zoomplatform,635c3167-54dc-4cbc-9752-a37c4f9fcb78,umu-296210,,
Brigand: Oaxaca,zoomplatform,033b3ca6-b233-4775-9099-4534a9315618,umu-652410,,
Calvin Tucker's Farm Animal Racing,zoomplatform,ed0f35cd-b3e3-42f5-a0f4-76861f55b882,umu-809900,,
Casino Blackjack,zoomplatform,1c1ad89c-a754-427d-9a89-0867b23f433e,umu-800350,,
Casino Poker,zoomplatform,7338a2d2-af6a-47b2-9269-c188c3d9cb95,umu-793250,,
Chaos on Deponia,zoomplatform,f22183bb-e043-4920-bce4-eca64060d8ad,umu-220740,,aka: Deponia 2: Chaos On Deponia
Chicago 1930 : The Prohibition,zoomplatform,9e7f5b7b-59eb-4a5a-bc1d-e6d5256f89f8,umu-623920,,
Clad in Iron: Chincha Islands 1866,zoomplatform,7d4c22cd-5783-4285-b783-f9c26a7f1364,umu-2196170,,
Clad in Iron: Gulf of Mexico 1864,zoomplatform,37cd3ca8-ad29-4b9d-9a8a-2adfa92c8c33,umu-693450,,
Clad in Iron: Philippines 1898,zoomplatform,ee5bee6c-cabc-4195-a753-95cb68f1ed52,umu-712970,,
Clad in Iron: Sakhalin 1904,zoomplatform,87a711d9-d750-4a29-9844-8c6313185718,umu-963680,,
Classic Fun Collection 5 in 1,zoomplatform,086f23b4-b9e3-4f04-b6ee-366b92a269da,umu-431300,,
Commandos 2: Men of Courage,zoomplatform,1b66e2c9-2490-45e1-953e-616708e3d16b,umu-6830,,
Commandos 3: Destination Berlin,zoomplatform,9c8af2d2-2fed-4601-989f-68046ea4f950,umu-6840,,
Commandos: Behind Enemy Lines,zoomplatform,4ae095f5-75d7-43e8-8265-eba20d71fc38,umu-6800,,
Commandos: Beyond the Call of Duty,zoomplatform,0d47f7f9-2cf4-4edb-a6b8-d4c573ff0d0c,umu-6810,,
Commandos: Strike Force,zoomplatform,fa36b243-476d-4320-9de7-d544fd4575ae,umu-6820,,
Construct: Escape the System,zoomplatform,422bb3d3-0466-4dce-86a3-74ee65b8fe86,umu-497080,,
Copperbell,zoomplatform,6965f4a7-a737-427b-92a3-b322990a6700,umu-1039040,,
Creatures Village,zoomplatform,4fa8aae0-479b-4f0c-9524-79b3ca155fdc,umu-1823900,,
CT Special Forces: Fire for Effect,zoomplatform,f017e334-ae08-4ff5-b7f3-506a2755e756,umu-283410,,
Culpa Innata,zoomplatform,2b57a9ee-c353-4ea8-bc9e-dbefe9b53848,umu-12310,,
Curse: The Eye of Isis,zoomplatform,1b53f6d8-55d4-44c8-836a-09ff00872ece,umu-302210,,
Dangerous Waters,zoomplatform,22821a0d-5383-4e48-980e-a172ce8a38bf,umu-1600,,
Darkstar One,zoomplatform,f255b6b4-8388-4b2d-b606-e5e6352ca467,umu-12330,,
Darkstone,zoomplatform,057001b6-8ca0-4f51-9edf-c47fa2450874,umu-320320,,
Dawn of Magic 2,zoomplatform,a4973fbd-2860-4f08-9a42-0f8c40d8d38e,umu-33540,,
Daymare: 1998,zoomplatform,adb8eed8-72f1-4dbe-9d1f-74220152229c,umu-842100,,
Dead Mountaineer's Hotel,zoomplatform,f0fbdf68-cce1-4b0d-9c19-01dab79ff851,umu-10230,,
Dead Synchronicity: Tomorrow Comes Today,zoomplatform,747b55cf-9b39-4518-8e0a-1ff0a7aa48c6,umu-339190,,
Death Rally,zoomplatform,b40f0381-4a0f-446c-ac8d-106985300fa9,umu-358270,,
Death Track: Resurrection,zoomplatform,1343b4a7-3ff3-4ad7-8288-0db42a8066c0,umu-7840,,
Deep Eclipse: New Space Odyssey,zoomplatform,e1e279df-24aa-4639-b8cb-ec5e2e202264,umu-326990,,
Deep Sky Derelicts,zoomplatform,03280689-705f-4e86-a682-8a29ec5e37c8,umu-698640,,
Defender of the Crown,zoomplatform,53c4609e-1179-4f65-9b83-292a8d59370f,umu-326590,,
Deponia,zoomplatform,103bd59f-4ebe-4121-b4d1-2c9a99474dcf,umu-214340,,
Deponia Doomsday,zoomplatform,fab52fe5-a639-48e9-806d-b92e22ab3923,umu-421050,,
Desert Law,zoomplatform,ebf6385a-d420-4e25-849c-bd275543a4d6,umu-356280,,
Desert Thunder,zoomplatform,3d5f1fbf-f910-42fa-b6a6-70e6608e9ba7,umu-283330,,
Devil's Hunt,zoomplatform,afad6b1a-82cb-440d-9ea2-6dd26944ccdc,umu-887720,,
Donut Dodo,zoomplatform,95a49caf-7170-4f82-a7af-acbd9445684c,umu-1779560,,
Doodle Devil,zoomplatform,e57296c5-f5aa-4ba7-96e7-0aed004188ee,umu-608760,,
Doodle God,zoomplatform,ddeb804e-4999-42f9-9a54-f3bc83b21175,umu-348360,,
Doodle God: 8-bit Mania,zoomplatform,e991ed62-cdf3-439d-a290-8213fdf6de5e,umu-538060,,
Doodle God: Alchemy Jam,zoomplatform,ebeb388c-867f-4a48-b0a1-4d7a7b8422f5,umu-759750,,
Doodle Kingdom,zoomplatform,b72f4769-9d2c-4e63-a3e5-04e0fe2afed7,umu-431640,,
Doodle Mafia,zoomplatform,3d8cde2f-a7ab-4f94-8d8e-bb103796c7b3,umu-598940,,
Dracula 2: The Last Sanctuary,zoomplatform,e478f8fd-9445-48ea-9204-8021b0d18d90,umu-289820,,
Dracula 3: The Path of the Dragon,zoomplatform,f94eb328-0906-489b-8b16-ed069e8c9b3f,umu-289840,,
Dracula 4: The Shadow of the Dragon,zoomplatform,4ecb7644-3c77-4167-b0d2-bd2fe35cd889,umu-279560,,
Dracula 5: The Blood Legacy,zoomplatform,b7f3295e-2ceb-4605-9da2-0164eaf02d68,umu-279560,,
Dragon Throne: Battle of Red Cliffs,zoomplatform,a3c1470e-499c-4db8-a04d-c62c3ea8d43a,umu-2633500,,
Drain Mansion,zoomplatform,835972e8-180f-410e-8ce2-fd87df47dde6,umu-1888070,,
Dream Pinball 3D,zoomplatform,6c5e5fb8-e707-485b-8b4b-dc952e8cdf96,umu-215790,,
Dreamcutter,zoomplatform,0943e032-6269-4ad9-a7f9-84419d2994e3,umu-2163030,,
Dreamscapes: Nightmare's Heir,zoomplatform,7e37f0da-f72e-41c3-b31d-d793b4b9d0d3,umu-353110,,
Dreamscapes: The Sandman,zoomplatform,37aa3268-2d4b-4640-93e9-536c663f9a3a,umu-289260,,
Ducati World Championship,zoomplatform,08d0018e-5ee1-40b7-95ff-35a06ba69191,umu-6270,,
Dungeon Vixens: A Tale of Temptation,zoomplatform,8640f172-25d7-4793-afab-4878eb05baf1,umu-2710970,,
Earth 2150 Trilogy,zoomplatform,ed990d89-c516-4845-b06d-5a8777abee59,umu-253880,,
Earth 2160,zoomplatform,bab67057-0ef2-447d-9ebc-ea5ba9966ea9,umu-1900,,
East India Company,zoomplatform,9024367d-3e49-480f-87a5-6e6e12e14184,umu-25930,,
El Matador,zoomplatform,b3d126e6-64a4-4265-864f-301f4fe77300,umu-289280,,
Elminage Gothic,zoomplatform,d20bcacd-6ca6-4abf-a236-9f473d45b7cb,umu-291960,,
Elminage Original: Priestess of Darkness and the Ring of the Gods,zoomplatform,0bc5f945-e907-48ae-ae87-78248903c1d7,umu-618710,,
Empire Earth,zoomplatform,abfe50a4-da68-47a6-b3a8-f7fa4363b2dc,umu-254760,,
Empire Earth II,zoomplatform,3d7dabed-657a-4688-9521-e1f01a37f847,umu-254780,,
Empire Earth III,zoomplatform,11237503-e801-4689-9474-3f0d0b16da99,umu-254800,,
Enclave,zoomplatform,ff4f3c4d-5ae9-46db-98d3-9ad86f8b1e46,umu-253980,,
Escape the Past,zoomplatform,7ef4e869-ffe0-488f-ba07-5214d96a2347,umu-486120,,
Eternity: The Last Unicorn,zoomplatform,5138ed7b-b7aa-4ca0-b854-3ddc5b1bd596,umu-714250,,
Eurofighter Typhoon,zoomplatform,6084fc8a-243b-4316-b0ee-94bbcee7ca89,umu-283350,,
Evil Genius,zoomplatform,19c3dc12-b712-46fc-acba-fa4405013ba8,umu-3720,,
Exodus from the Earth,zoomplatform,71554dad-5aae-4771-be1d-51ad5b57e60c,umu-12390,,
Expendable,zoomplatform,8cff8ab9-0436-4bd1-a43d-5aff65040536,umu-804000,,
Faces of War,zoomplatform,45240af2-1cb4-4eb1-80c9-69c80863a84e,umu-289300,,
"Fairy Tale About Father Frost, Ivan and Nastya",zoomplatform,feee1081-783a-4a1f-a460-b11aee18d968,umu-289320,,
Fall of Light,zoomplatform,32821d38-53d2-4bac-a154-4ee47a293252,umu-633950,,
Fall of the New Age,zoomplatform,0f7df08f-39ae-4830-acb5-50af390fd412,umu-314510,,
Fantasy Wars,zoomplatform,1c840fc5-f61b-4288-a972-029b387e118f,umu-63900,,
Fire: Ungh's Quest,zoomplatform,1bd53296-e52d-4d48-90af-6747ad971769,umu-325520,,aka: Puzzleventure FIRE or just Fire
FlatOut,zoomplatform,102468d5-332e-4baa-b885-7fd51923a948,umu-6220,,
FlatOut 2,zoomplatform,20de509d-7f13-4851-bd79-9271bf7591cb,umu-2990,,
FlatOut: Ultimate Carnage,zoomplatform,7b1f24db-8e69-4859-9d55-1ab839b1490c,umu-12360,,
Freight Tycoon Inc.,zoomplatform,507b37c9-9cdd-4a7c-8956-f93763d33b3d,umu-289340,,
Ghost Master,zoomplatform,0e84d516-e9da-400d-a777-5aaf8985a4e7,umu-6200,,
Gift of Parthax,zoomplatform,7ba2b00b-0be8-461d-85ee-2294e1d1d6db,umu-795610,,
Glacier 3: The Meltdown,zoomplatform,c824057f-783b-4625-93e6-7bdaf3c7e19c,umu-267940,,
Gomo,zoomplatform,bedb1324-5621-4b24-926d-2891935a52eb,umu-265330,,
Goodbye Deponia,zoomplatform,ee3dbb22-609f-4ea5-aa68-80dc0d69f92e,umu-241910,,aka: Deponia 3: Goodbye Deponia
Gorky 17,zoomplatform,71c14837-7fc8-4823-9c30-8d23ed1b0ccf,umu-253920,,
Green Ranch,zoomplatform,00a43048-6ac1-4b49-a3c0-d5388e0a7710,umu-493980,,
Ground Control,zoomplatform,c49bc3ec-0426-497b-8677-71bfcb31b4d8,umu-254820,,
Ground Control II: Operation Exodus,zoomplatform,ce8d72fa-4e7a-45bb-a330-77dc55e2ed72,umu-254840,,
Guilty Gear Isuka,zoomplatform,9b082309-10be-4edb-bb01-05ec0c5f1b9e,umu-267900,,
Guilty Gear X2 Reload,zoomplatform,f80ad902-b04c-495e-8581-39a5e1caf95a,umu-314030,,
Gun Metal,zoomplatform,6517675f-4529-47ee-93fa-990ea8885df0,umu-267920,,
Haegemonia: Legions of Iron,zoomplatform,a12c73c0-a628-4fbc-bf09-523c0587aef9,umu-294770,,
Haimrik,zoomplatform,1f32f7e7-56b0-4606-9b63-07dffcaf4501,umu-492180,,
Hard to Be a God,zoomplatform,9a5db6c2-40c9-48be-b0bd-67bf573da64a,umu-391030,,
Hatred,zoomplatform,157d1528-803f-4776-b8d5-94134963bfdd,umu-341940,,
Heroine's Quest: The Herald of Ragnarok,zoomplatform,6a5e28b1-10dd-43f5-b931-cb361eedd97c,umu-283880,,
Hexus,zoomplatform,f64965b7-ac03-4fc5-850f-34bcc7b0e1fc,umu-323250,,
Hogs of War,zoomplatform,ea76abf8-6c28-462a-9a48-e3d6a51039a2,umu-389900,,
Hostile Waters: Antaeus Rising,zoomplatform,cded898c-ff77-49d3-bca8-b482f27dc001,umu-267980,,
Houdini's Castle,zoomplatform,3f4de1c6-d335-4cea-b37c-1c63a55a801d,umu-972420,,aka: The Great Unknown: Houdini's Castle
House Party,zoomplatform,f6d1c864-a8ef-4c44-b449-3e071873a9c5,umu-611790,,
Hyper Fighters,zoomplatform,94b258b8-335c-4988-a30d-cf29c796b153,umu-267960,,
IL-2 Sturmovik: 1946,zoomplatform,fa2aace3-ee2f-496c-9998-7f10c6aba507,umu-15320,,
Imperial Glory,zoomplatform,90ccd20f-f641-4245-9d10-6e5e733c4770,umu-277450,,
In Fear I Trust,zoomplatform,14d62e73-8e63-4768-94af-419a5c3dd2d1,umu-522690,,
Iron Storm,zoomplatform,70264db8-7fb7-43af-b5d6-2ccee1f8e3da,umu-296180,,
Jack Keane,zoomplatform,a92d048b-a15f-419a-9545-5145ad70035e,umu-12340,,
Jack Orlando,zoomplatform,7bd577e3-baad-4708-83b3-cb5438a0e788,umu-253960,,
Jane Angel: Templar Mystery,zoomplatform,dc0dae79-0e51-4aaa-9924-bf37136d41d9,umu-323270,,
Jane's Fleet Command,zoomplatform,b971903a-0743-40e3-9707-c9fbe8887d4d,umu-2910,,
Journey of a Roach,zoomplatform,9480d41b-28fc-4b6d-b727-461b8d812c4a,umu-255300,,
Judge Dredd: Dredd vs. Death,zoomplatform,bbba4d3f-2cf5-461b-8e10-912f4a586b24,umu-3710,,
Kapital: Sparks of Revolution,zoomplatform,c2f07e47-a740-40c9-9011-9cbcd2ddc915,umu-1399700,,
Ken Follett's The Pillars of the Earth,zoomplatform,b231d69a-488a-487e-9e42-2013c6c5c7b8,umu-234270,,
Killing Time,zoomplatform,0f54b851-79d4-4607-9c75-eaab1e4d3a4e,umu-493320,,
King's Bounty: Armored Princess,zoomplatform,54acb547-61a5-4e85-8395-95aba543af8d,umu-3170,,
King's Bounty: Crossworlds,zoomplatform,6e2b87dd-24a9-4caa-af7b-f05d1f0c9bed,umu-63910,,
King's Bounty: Dark Side,zoomplatform,093bca09-17c4-4af4-a95d-5254cc179228,umu-289520,,
King's Bounty: The Legend,zoomplatform,6b9aff70-b480-4cc0-9f4f-988bcd46b4fd,umu-25900,,
King's Bounty: Warriors of the North,zoomplatform,e1e785e5-4912-41d0-af96-966a9ad13ce3,umu-203350,,
Knights and Merchants,zoomplatform,e6d04e55-5b80-4f30-b8ea-6cb15fc7b88d,umu-253900,,aka: Knights and Merchants: The Peasants Rebellion
Knights of the Temple: Infernal Crusade,zoomplatform,01c010e2-e87d-466c-85a1-d4021fbe9d6e,umu-1194610,,
KnightShift,zoomplatform,04aacc0a-551c-48ab-aaa3-165c2368dfb3,umu-254060,,
Konung 2: Blood of Titans,zoomplatform,ec7c7fb0-f34a-4c5a-b4a6-4ba8047f9b57,umu-289360,,
Konung III: Ties of the Dynasty,zoomplatform,a1072024-b9e0-4a50-9181-f3a06fe54424,umu-289380,,
Larry Lotter and the Test of Time,zoomplatform,949c5008-a64d-4bff-8cb4-d1639caa77b8,umu-551840,,
Lawless West,zoomplatform,7e2b30c8-e453-4921-8b3b-323be9654a0f,umu-2108440,,
League of Mermaids,zoomplatform,3a57794d-446b-48ad-9f90-11aef8107261,umu-383950,,
Legacy: Witch Island 2,zoomplatform,10065227-8b4b-4cbd-8d12-d67c5b13cff5,umu-1423200,,
Leisure Suit Larry in the Land of the Lounge Lizards: Reloaded,zoomplatform,72947c24-263d-4136-95ea-fbe809758843,umu-231910,,aka: Leisure Suit Larry: Reloaded
Leisure Suit Larry: Magna Cum Laude,zoomplatform,4c53d5ed-cb13-4216-9191-8ce7502bd5b1,umu-765900,,
Lemuria: Lost in Space,zoomplatform,2fe050bc-8d94-4443-b5d8-45f8d59dade5,umu-563250,,
Leylines,zoomplatform,706f63a0-a162-4b63-bad7-8f1db8fd79cb,umu-585820,,
Lifeless Planet,zoomplatform,92f92582-cd83-46b2-b797-0be22243b65e,umu-261530,,
Lords of Magic,zoomplatform,6f8761ee-d275-439b-9e6c-73e67ea49194,umu-404040,,
Lords of the Realm III,zoomplatform,2348b054-08e7-4f75-b089-9404cf342a64,umu-254860,,
Love & Enchants,zoomplatform,bfe98a95-c77e-4d14-8856-533c4bfba567,umu-1603900,,
Lucius,zoomplatform,21adf127-c4f0-47ac-a665-2167bd1e9768,umu-218640,,
M4 Tank Brigade,zoomplatform,63543c7c-cb96-4ea5-9f98-2d2eb66d1b72,umu-348810,,
Madness of the Architect,zoomplatform,b88be2ae-d099-412c-b805-e642d4c8be52,umu-785920,,
Mahjong Secrets,zoomplatform,fe14de00-0635-4047-a3e6-be22a0b3891d,umu-947400,,
Marble Maid,zoomplatform,b7d3d440-4bc2-4e1d-b37a-2139188fc1ad,umu-1429780,,
Marcus Level,zoomplatform,4df78ddf-dd60-4538-908d-b1d0a45650af,umu-417480,,
Margot's Word Brain,zoomplatform,e5a222bb-4344-4cdb-8ab7-ceedc43d267a,umu-827780,,
Marine Sharpshooter II: Jungle Warfare,zoomplatform,f7a6b4ec-1ada-42ce-9fd1-a4b38c15ead4,umu-283370,,
Mashed,zoomplatform,e8772fb2-e391-4c26-bc28-ae863f12e531,umu-281280,,
Massive Assault,zoomplatform,1082ebca-c84f-4e7e-b6d5-9d2e3d794a47,umu-34630,,
Massive Assault: Phantom Renaissance,zoomplatform,cfc6e8cc-0df3-4dcd-b248-8eee8c8ac77d,umu-34640,,
Master of Orion III,zoomplatform,4fafa4d6-c214-4c72-8e75-4d35e41f83a0,umu-410990,,
MegaRace 3,zoomplatform,d22a7425-91a4-40f1-a609-60a6230f8f70,umu-733770,,
Memoria,zoomplatform,fce5f73e-d9f2-454f-8681-525ebff168d7,umu-243200,,
Men of War,zoomplatform,5b721400-4f9c-4d19-895d-099d2f53011f,umu-7830,,
Men of War: Assault Squad,zoomplatform,18beae9e-ab75-4b35-b298-a3128089afee,umu-64000,,
Men of War: Condemned Heroes,zoomplatform,e7ac5ed7-92fd-4e39-850e-ef44faac6968,umu-204860,,
Men of War: Red Tide,zoomplatform,49ba3d3a-da02-4100-a557-306a256d436d,umu-3130,,
Men of War: Vietnam,zoomplatform,7830ad6d-d445-43c7-a9a6-bafc6cda5b86,umu-63940,,
Mini Metal,zoomplatform,31bcbbcc-25b1-4067-8413-48f28868d889,umu-454420,,
Mobile Forces,zoomplatform,87fc1a02-ac36-44e4-bb02-493a257981ef,umu-837940,,
Monster Girls You-ki Chan,zoomplatform,dc7d0933-4ca4-459d-aa95-2b1791896a61,umu-1502110,,aka: 'Monster surprised you-ki chan' and 'R18Plus Monster Girl You-ki chan'
Moonbase Commander,zoomplatform,e856c21a-5034-4d26-b721-1b937f5b7b1d,umu-254880,,
Moto Racer,zoomplatform,5b6368d3-3af8-470d-a97c-b7f750578ed0,umu-324110,,
Moto Racer 15th Anniversary,zoomplatform,9ac1ba69-aa37-45a1-a5b3-b9a66bc149c2,umu-324110,,
Moto Racer 2,zoomplatform,36d81b77-7443-45e6-a666-d2c4ceab90d4,umu-324110,,
Moto Racer 3,zoomplatform,d758d0cb-0985-4782-bfbc-3753c72b355b,umu-324110,,
My Sweet Floating in the Void,zoomplatform,cdd23085-62d1-4963-af41-e87749a1ec58,umu-2738740,,
Mystery Castle: The Mirror's Secret,zoomplatform,3027b44e-d33e-4381-a72e-a1317ed7310b,umu-428250,,
Namariel Legends: Iron Lord,zoomplatform,b0df82df-cdf3-415a-b5b5-55d03a58c1f2,umu-302730,,
Naval Warfare,zoomplatform,cc8313f7-6777-4a35-8ef4-5420603a520f,umu-98500,,
Near Impact,zoomplatform,ce62585c-8158-4f93-819a-c55c6029706d,umu-320410,,
Necronomicon: The Dawning of Darkness,zoomplatform,fee2c881-bcf9-42ff-adb9-d90a3f990cd7,umu-302390,,
No One Lives in Heaven,zoomplatform,f4ee5c4e-aa39-48e9-9cd3-58c30dc8d2ba,umu-1321030,,
Nosferatu: The Wrath of Malachi,zoomplatform,58770ea8-88d5-4b23-af0a-abed6bd60e9a,umu-283290,,
Nostradamus: The Last Prophecy,zoomplatform,72edbd2d-5447-46d1-ac3f-4f46540d06b6,umu-287720,,
NyxQuest: Kindred Spirits,zoomplatform,23e54fab-4715-40c7-9c59-bc3bee20e8f4,umu-57000,,
O.R.B: Off-World Resource Base,zoomplatform,c822022c-c16f-4202-b551-817a7bbdd12a,umu-281390,,
Oddworld: Abe's Exoddus,zoomplatform,5053fff2-2b8c-4845-befc-86f7b875ae72,umu-15710,,
Oddworld: Abe's Oddysee,zoomplatform,49917a13-bd74-4cec-b0c4-414f50d67f10,umu-15700,,
Oddworld: Munch's Oddysee,zoomplatform,0163b6cc-baac-42ff-8366-c1722bd50cb0,umu-15740,,'HD' update released in 2016. Zoom version is the HD and original bundled.
Oddworld: New 'n' Tasty!,zoomplatform,4c9a0da3-637c-4476-b9cc-5acee8c28089,umu-314660,,
Oddworld: Stranger's Wrath HD,zoomplatform,dcabd2be-5c6b-4364-bed7-154cb4b19f9e,umu-15750,,
Odysseus: Long Way Home,zoomplatform,e1407ef6-cc6c-4661-a1d3-df34cfe9d9d7,umu-348960,,
Off-Road Drive,zoomplatform,754f02ae-9064-46da-bad2-a900b60ad14c,umu-200230,,
Operation: Pinkeye,zoomplatform,44db8a11-16fe-4d2b-8bf7-91cd94f888bf,umu-1619820,,
Order of War,zoomplatform,9f15c0b1-346b-47b3-8cc8-edf5c690702f,umu-34600,,
Outcast 1.1,zoomplatform,196bba9f-91b4-4831-a44e-cae55ad42602,umu-336610,,
Parkan II,zoomplatform,d8f877ad-e12e-4363-9c51-71d01c348431,umu-289400,,
Parkan: Iron Strategy,zoomplatform,703a8bb1-87da-49c3-aba9-274af2ef5c6f,umu-953820,,
Patrician III: Rise of the Hanse,zoomplatform,32be0aef-871e-4712-abd9-7e59ce0b1d5d,umu-33570,,
Perimeter,zoomplatform,e76df720-ed37-4988-888e-3713e7085f9b,umu-289440,,
Perimeter 2: New Earth,zoomplatform,0321ffa2-1248-4c22-a4c8-07a95968e358,umu-12420,,
Perimeter: Emperor's Testament,zoomplatform,f846cc16-542c-454a-ba09-97d8cd0d8a60,umu-289240,,
Pigsaw,zoomplatform,d2b6d8b2-9c76-4175-84e6-f4c3124fcbdc,umu-2519850,,
Pilot Brothers,zoomplatform,0f10a497-1e1d-4bc8-a7b1-930b64df6a0b,umu-336760,,
Pilot Brothers 2,zoomplatform,bcba0c09-5fa4-406a-982c-77922d586d1e,umu-336770,,
Pilot Brothers 3: Back Side of the Earth,zoomplatform,da632a5b-aff4-46f1-b349-2c23250ae55d,umu-336780,,
Pirates of Black Cove,zoomplatform,46580265-cec4-4c88-a7b1-c8380518ed8f,umu-49330,,
Planet Alcatraz,zoomplatform,4649501d-233c-48d1-bb61-4a044465d33c,umu-289420,,
Planets Under Attack,zoomplatform,61604f49-87b3-45b2-b6f8-da8984b2c956,umu-218510,,
Port Royale 2,zoomplatform,93770a9f-56f4-45d5-979f-677f7dc0356b,umu-12470,,
Post Mortem,zoomplatform,37d77e7c-df10-4170-b740-fd114f9b8562,umu-46550,,
Postal,zoomplatform,47707477-860b-4c60-aa15-10a1fd4c069f,umu-232770,,aka: POSTAL: Classic and Uncut
Postal III,zoomplatform,a60669f1-9742-4d13-ae55-e62b5d5157ed,umu-10220,,
Postal Redux,zoomplatform,8a8b644e-bc1b-4692-b2a7-b3789929c722,umu-401680,,
Praetorians,zoomplatform,7946ced4-2699-4f7d-a948-1381a2a74a51,umu-277460,,
Pressure,zoomplatform,59cad8a6-b56c-42ae-8a77-9aa5ed709271,umu-224220,,
Prince of Qin,zoomplatform,6f7191ca-8df7-43ae-8d1f-8ba785c411ca,umu-1717410,,
Quantum Replica,zoomplatform,ccd59cef-d4b7-451c-bb0f-ba0250d17c40,umu-470090,,
Quest for Yrolg,zoomplatform,e7a0fcff-7d9e-4bac-9ffb-38719aa4f532,umu-551840,,
Race Driver: Grid,zoomplatform,48a4ed23-3f65-42d5-9fe7-2fb2b32391c2,umu-12750,,
Rails Across America,zoomplatform,7809fc69-c87e-4fb2-90f5-f88ac1dad518,umu-2680190,,
RC Cars,zoomplatform,1759d378-7480-434c-bfb3-88aea8b47a5b,umu-289460,,
Real Warfare 1242,zoomplatform,7af10826-05e7-4f92-a558-5d79f517ad9b,umu-46350,,
Real Warfare 2: Northern Crusades,zoomplatform,5bca5edb-31d9-412a-ba70-fc86c7b02933,umu-202860,,
Realpolitiks,zoomplatform,1faa082f-434a-4b35-86e3-f3ae71507557,umu-553260,,
Realpolitiks II,zoomplatform,d9181828-9fe2-4624-8645-da8d3e110b92,umu-1248060,,
Reign: Conflict of Nations,zoomplatform,de5390a4-b154-40e3-bc61-fe6c5120882e,umu-46380,,
REKKR: Sunken Land,zoomplatform,622422d7-d520-4687-b2e0-af319958603c,umu-1715690,,
Renoir,zoomplatform,2bba4b65-cd80-4b06-95db-8c87009f4bff,umu-496400,,
Return to Mysterious Island,zoomplatform,593bcf35-43aa-4ec1-81c0-d1ce3b1196c4,umu-277110,,
Rice Bowl Restaurant,zoomplatform,e6c65097-dad0-414b-b926-d7424e54f835,umu-2224440,,
Rig 'n' Roll,zoomplatform,8a2cf1ce-e572-40bf-b575-b86d829d6c86,umu-46370,,
Robin Hood: The Legend of Sherwood,zoomplatform,5828f8ba-2dd5-432f-a26e-af6310e82dc6,umu-46560,,
Robin's Island Adventure,zoomplatform,4d3f0905-35d7-49ae-95c0-7c5cab6f9d84,umu-323260,,
RoBoRumble,zoomplatform,c70fc5a4-48a9-458d-84cd-d41198ebd43b,umu-420970,,
Rocket Jockey,zoomplatform,da803747-316d-478c-9feb-1dece2214392,umu-2471120,,
Rogue Trooper,zoomplatform,5861e64a-b846-4bc3-b0ec-5a04ffb03b23,umu-7020,,
Rooms: The Unsolvable Puzzle,zoomplatform,eb050ccd-185c-49ba-ad1f-06e535b0eee3,umu-331460,,aka: Rooms: The Toymaker's Mansion
Rush for Glory,zoomplatform,78445140-cb89-4c31-9cf1-ec4c12fe2d85,umu-303470,,
Sacred Zodongga Defense,zoomplatform,2254f5fe-85a0-41f4-9533-eda0d3bf3632,umu-2223350,,
Salammbô: Battle for Carthage,zoomplatform,d21a4ade-efb8-41de-840d-318ad20b308d,umu-301670,,
Sea Dogs,zoomplatform,ed15e4aa-a81b-4094-822b-ee68fb6d66c2,umu-764670,,
Sea Dogs: Caribbean Tales,zoomplatform,e9f0f9da-a638-4ab4-84a6-51cc67b225d7,umu-817460,,
Sea Dogs: City of Abandoned Ships,zoomplatform,f1342d79-92ba-4751-b070-4992bac236a7,umu-937940,,
Sea Legends: Phantasmal Light,zoomplatform,00568b12-87b3-4c11-b54d-b5b294ae6134,umu-323280,,
Seal of Evil,zoomplatform,9fb9a897-6cbe-4b42-8e5d-a97ba007afa5,umu-1726410,,
Sentinel 3: Homeworld,zoomplatform,718d8e46-2a01-4522-a8ed-c78c2bb3e6ca,umu-275350,,
Septerra Core,zoomplatform,d07f32c2-d747-49a1-9a59-31a5bf067719,umu-253940,,aka: Septerra Core: Legacy of the Creator
Seven Kingdoms,zoomplatform,524714db-90ac-45e1-bad1-b4614ea7ec44,umu-450140,,aka: Seven Kingdoms: Ancient Adversaries
Shadow Tactics: Blades of the Shogun,zoomplatform,f56a1a80-0876-4401-ac50-7552b5a7dd58,umu-418240,,
Shadow Vault,zoomplatform,0c6ea2ce-e753-4b06-9be1-b1b135110c4a,umu-2633490,,
Shady Lewd Kart,zoomplatform,775c4fef-c96c-405f-8761-c461cfa98c87,umu-1200730,,
Shiny,zoomplatform,561ffdd9-5a37-4f58-b8c4-93b944219dba,umu-496390,,
Sigi: A Fart for Melusina,zoomplatform,0db790ae-0288-4df7-bdd0-9ef5bb8baced,umu-677280,,
Sinking Island,zoomplatform,e3e61887-b545-472b-acb7-1412951b8874,umu-333430,,
Sir Lovelot,zoomplatform,cd7f4e62-a729-4449-923a-a3f70d3e051a,umu-1055170,,
Slime Girl Smoothies,zoomplatform,ec7824da-e8e2-496a-a114-8ca371fcca7f,umu-1630420,,
Sniper Elite,zoomplatform,97d25843-4be6-4218-8371-b6f50af00a8e,umu-3700,,aka: Sniper Elite: Berlin 1945
Snow Battle Princess Sayuki,zoomplatform,6577700d-6c28-4c4c-a239-fab6e117bc6d,umu-1028760,,
Soldiers: Heroes of World War II,zoomplatform,7921e333-cfd3-4309-933d-0784930130a4,umu-11480,,
Solitaire Mystery: Four Seasons,zoomplatform,895926a2-6b71-4da1-b59e-5503619a4f98,umu-971880,,
Solitaire Mystery: Stolen Power,zoomplatform,e1dcce85-ea22-4fca-a3f9-d78aad071317,umu-679820,,
Soul King,zoomplatform,25d13201-a2c2-4a06-a9fa-20303428d79e,umu-1930310,,
Soulbringer,zoomplatform,0f53ba93-de98-457c-80d2-ed6e1cd3599d,umu-283310,,
Soulless: Ray of Hope,zoomplatform,46ec018f-0488-444d-894f-e97796290eaa,umu-528300,,
Space Rangers HD: A War Apart,zoomplatform,894c9519-3bfd-4adf-a9b5-111529a8ba13,umu-214730,,
Space Rangers: Quest,zoomplatform,8746422f-c79d-483c-9e08-39647c90cafb,umu-503450,,
Speedball 2 HD,zoomplatform,b37d1650-407e-479f-88ef-3c0cb2646059,umu-251690,,
Spoiler Alert,zoomplatform,d2a72e3c-52eb-487a-a6e1-4bbf83e2761f,umu-283230,,
Stalingrad,zoomplatform,ede13181-fecd-49ed-92d3-4b088f4c9396,umu-356260,,
Star Wolves,zoomplatform,ff305671-aee0-4948-b05e-67880429f511,umu-46270,,
Star Wolves 2,zoomplatform,dcf1fdae-a614-4334-86c9-f0ca12a9bbdd,umu-46280,,
Star Wolves 3: Civil War,zoomplatform,853f8e37-9997-4c5a-bf59-c652d23cb5c0,umu-46260,,
Starship Quasar,zoomplatform,4a8d0dfa-56c0-4662-abb5-64970ad89fb5,umu-551840,,
State of Mind,zoomplatform,d8f3d594-0d0d-460e-befd-9c0440e1e9a7,umu-437630,,
Steel Empire,zoomplatform,4acab854-0df8-4f2e-8354-81369a83ac75,umu-563260,,
Still Life,zoomplatform,289011cc-0db0-46e5-b3ce-3f66c96459bd,umu-46480,,
Still Life 2,zoomplatform,e3e942dc-0af2-4462-963b-c290de5e11ae,umu-46490,,
Sub Command,zoomplatform,a0835811-1771-49d0-a7f4-f7ac53582083,umu-2920,,
Submarine Titans,zoomplatform,29fca331-e521-40d2-bbb2-9817ba696fec,umu-1259380,,
Sudden Strike,zoomplatform,0a2d1402-078f-4f19-8188-985bb9a2ad72,umu-612300,,
Sudden Strike 2,zoomplatform,5ee1fd76-524b-4175-9d93-be2c2c9584cb,umu-612520,,
Sudden Strike 3: Arms for Victory,zoomplatform,4f79c86e-b11d-4d18-b00c-22d7ab9bc1c9,umu-612540,,
Super Sonic Racer,zoomplatform,cb2e9118-e436-44c6-95b0-ee2ad33d15f3,umu-808190,,
Swoon! Earth Escape,zoomplatform,bd8bb2d0-ac42-43da-b697-13f80908f63d,umu-1673460,,
Tanita: A Plasticine Dream,zoomplatform,1050090e-c632-4fb4-a84f-23c217d870d1,umu-372560,,
Tank Warfare: Tunisia 1943,zoomplatform,6b7a00e1-666b-496f-9107-60f4f80fc38d,umu-549080,,
Terra Lander Remastered,zoomplatform,72dd863e-ba4c-4ef9-a3fc-97b61d6cdef4,umu-338550,,
The Abbey - Director's cut,zoomplatform,47167bda-0cfc-4437-901d-ffcf95cf98cb,umu-1019020,,
The Book of Desires,zoomplatform,304aa3e7-190c-435f-b1c0-71e96240b0e8,umu-428260,,
The Chaos Engine (2013),zoomplatform,1dea1489-c74c-4594-8088-920ffef5ac80,umu-242530,,
The Chronicles of Emerland: Solitaire,zoomplatform,3a5f68fd-e51c-41ed-8c8e-fd4988b34e00,umu-389400,,
The Dark Eye: Chains of Satinav,zoomplatform,4f71d73b-90aa-46b2-97fb-2b5563ca3570,umu-203830,,
The Enthralling Realms,zoomplatform,9251255e-933f-46a5-900e-6429ca0d608f,umu-859950,,
The I of the Dragon,zoomplatform,77750ddc-f1d2-4505-9948-9791846d4119,umu-279720,,
The Night of the Rabbit,zoomplatform,180f6e74-d6f2-44d9-bd5c-ede852d9dfcf,umu-230820,,
The Outforce,zoomplatform,b23cf080-8082-421d-baa9-45e86d3b5f4c,umu-2633480,,
The Space Bar,zoomplatform,53e9dbe5-2f42-465b-8348-ef460954c6f1,umu-2253580,,
The Surprising Adventures of Munchausen,zoomplatform,6df669cf-54b1-4afe-b28e-fe65274e4581,umu-696710,,
The Tomorrow War,zoomplatform,64e7599a-9736-463d-8c4c-a3d89933f9cc,umu-289480,,
The Watchmaker (2018),zoomplatform,eecfadd3-1e66-4369-90b2-7cf06aacc461,umu-504430,,
Theatre of War (2006),zoomplatform,ef08fbee-49a3-4693-905b-6a748b07bb04,umu-46290,,
Theatre of War 3: Korea,zoomplatform,0efaea8f-9bbd-485b-ae48-e734d6799894,umu-63960,,
Through the Woods,zoomplatform,27184704-3ed4-4ecf-bbed-c936f725cadb,umu-368430,,
Top Trumps Turbo,zoomplatform,63dbd624-2e34-451d-8b1c-6551af9a53c3,umu-343180,,
Total Annihilation,zoomplatform,d98ab205-bdc0-4347-8718-424a4400f2bf,umu-298030,,
Tower of Boin,zoomplatform,d7ffcb11-4b74-426a-9f2f-94c1780cdc18,umu-2350720,,
Transcripted,zoomplatform,e2d4068b-1466-494b-bfbc-30abafc17a68,umu-215450,,
TrickStyle,zoomplatform,7dbdff50-55d6-4c89-8d54-14ad7b4a9dad,umu-588490,,
Twilight City: Love as a Cure,zoomplatform,932f09da-b4b7-4ee2-9181-231188ba407f,umu-428270,,
Two Worlds,zoomplatform,b01d76e6-63be-4706-b9d9-f2189b4ac3cd,umu-1930,,
UFO: Afterlight,zoomplatform,6e39f2a4-d683-4ba7-b825-e888a4108846,umu-237950,,
UFO: Aftermath,zoomplatform,5a8ca6fb-6dbd-4f06-87d7-4e2e097434de,umu-292160,,
UFO: Aftershock,zoomplatform,a4287868-b031-419f-9265-3532f53484a3,umu-289500,,
Under the Hood,zoomplatform,a70ffa5e-4e21-45ac-83d5-b604bdb24e09,umu-1428700,,
Vegas: Make It Big,zoomplatform,a1426b89-af51-400c-83a1-996bd93cbfbc,umu-6210,,
Voyage: Journey to the Moon,zoomplatform,f6276b4c-295f-40ad-912d-88705091a2b4,umu-302180,,
WarBirds - World War II Combat Aviation,zoomplatform,bd1c09c4-2f8d-4fc0-9420-451a3e40f254,umu-365620,,
WarBirds Dogfights 2016,zoomplatform,32adaa21-382e-4bfb-a2dc-43d4577ce582,umu-433130,,
Warrior Kings,zoomplatform,6c980779-851d-41ae-8889-36cf97ae8289,umu-297570,,
Warrior Kings: Battles,zoomplatform,936efae2-b689-49ae-a28f-d41441a2b54b,umu-299070,,
Warzone 2100,zoomplatform,b0b01a65-3202-43a2-9cbf-be193c4fb896,umu-1241950,,
Whispering Willows,zoomplatform,da7a300f-7255-48a8-bcd5-dd812eb24e2a,umu-288060,,
Wings! Classic,zoomplatform,c84b0d13-1340-4172-826d-96c847c60d64,umu-326590,,
Witch's Pranks: Frog's Fortune,zoomplatform,15d7b4bb-70bc-4466-b9ab-4c317cd6ea25,umu-342630,,
Wooden Floor,zoomplatform,02102446-b78a-4ce3-8d77-90e38119f695,umu-348790,,
World Racing 2: Champion Edition,zoomplatform,d53a6730-f7b9-4753-b14f-3fd11c3a5ec5,umu-1301010,,
World War I,zoomplatform,f2c42668-d3b8-4268-8d6c-6d9866d0e26b,umu-361380,,
X-Blades,zoomplatform,9f993969-1513-4e32-ac8e-4ac7db6e1c9f,umu-7510,,
XIII,zoomplatform,3e67ac56-9521-4892-9783-f402acae12b4,umu-1170760,,
XIII Century: Death or Glory,zoomplatform,a7148870-53a7-4006-9f40-c3e8c55e0da5,umu-34420,,
Yu Crossing Animals,zoomplatform,e2242140-407c-42bb-8cbe-6d2c1a81928e,umu-1630290,,
Zombie Shooter,zoomplatform,6a3ad2fd-4fbd-4ee2-b178-ac23b862e485,umu-33130,,
Zombie Shooter 2,zoomplatform,d9b53402-8dfc-4351-b3d8-f3a063b4418f,umu-33180,,
Zombies on a Plane,zoomplatform,2073ec11-f1d7-44f3-8156-e346762a4041,umu-297450,,
Command Adventures: Starship,zoomplatform,22741a2a-74b9-4bdb-a184-6e8aab04d7a7,umu-2752440,,
Incoming Trilogy,zoomplatform,4bff76f4-566a-4714-b481-95d3343afe22,umu-4bff76f4-566a-4714-b481-95d3343afe22,,
"Gabriel Knight 3: Blood of the Sacred, Blood of the Damned",gog,1207658843,umu-497360,,
Ceville,gog,1207659078,umu-23460,,
Tokyo Necro,gog,1357005807,umu-2183070,,
Nine Witches: Family Disruption,gog,1205379739,umu-1272580,,
MORDHAU,egs,2e26af55c1a146e7a939dcc1014fc9fd,umu-629760,,
Nioh: The Complete Edition,egs,b5e42b0dc2f544a5bbb4080a433b8b71,umu-485510,,
HITMAN 3,egs,eider,umu-1659040,,
Styx: Shards of Darkness,gog,2090261953,umu-355790,,
D.W. The Picky Eater,zoomplatform,09dd9973-611d-448d-924c-ff5d7b509158,umu-2742020,,
Resident Evil,gog,1580232252,umu-1580232252,,original game from 1997
Resident Evil 2,gog,1534123252,umu-1534123252,,original game from 1999
Resident Evil 3,gog,1266089300,umu-1266089300,,original game from 2000
Flowers - Le Volume Sur Printemps,gog,1697970811,umu-1697970811,,
Silent Hill 4: The Room,gog,1141086411,umu-1141086411,,
The Wheel of Time,gog,1584652180,umu-1584652180,,
Flowers - Le Volume Sur Ete,gog,1685981342,umu-1685981342,,
Flowers - Le Volume Sur Automne,gog,2044697588,umu-2044697588,,
Flowers - Le Volume Sur Hiver,gog,1564851593,umu-1564851593,,
Dragon Age: Inquisition,ea,1000659,umu-1222690,,
Through the Darkest of Times,amazon,amzn1.adg.product.d306715a-5b83-467f-9795-ffb3e0b9575b,umu-1003090,,
Bus Simulator 21: Next Stop,amazon,amzn1.adg.product.730d8afc-aa42-45e2-815b-a808dbbe4c76,umu-976590,,
Bus Simulator 21: Next Stop,egs,0fcb6881984f4e9ab91f5e22e4bf844c,umu-976590,,
Drawn: Trail of Shadows,amazon,amzn1.adg.product.52fe2d32-210a-4776-9773-88bfda84b756,umu-567240,,
Vlad Circus: Descend Into Madness,amazon,amzn1.adg.product.f31fa950-6fe4-4121-858d-e6f0074ded23,umu-1702430,,
Dark City: International Intrigue,amazon,amzn1.adg.product.49834951-7f6d-417f-ab40-1b9ca8ee624b,umu-2338600,,
The Forgotten City,amazon,amzn1.adg.product.e31e4571-b8d9-444e-852f-93846749eb40,umu-874260,,
Genesis Noir,amazon,amzn1.adg.product.35fd4aba-910f-4f83-b4b8-5ef898a20ae1,umu-735290,,
Projection: First Light,amazon,amzn1.adg.product.6eaf9ea8-c5ea-4628-bb56-e37c96e01347,umu-726490,,
Everdream Valley,amazon,amzn1.adg.product.65f323b0-349c-4273-83be-8ac8456173a0,umu-1403650,,
The Invisible Hand,amazon,amzn1.adg.product.1509ede6-ce29-4066-89cb-addbe88ed5e9,umu-628200,,
Heaven Dust 2,amazon,amzn1.adg.product.625256c0-9e82-47e3-9bcb-7d1154a7d4a8,umu-1515900,,
Wall World,amazon,amzn1.adg.product.c25c2ac3-b318-4192-96b7-bafef73060b9,umu-2187290,,
Star Wars: Knights of the Old Republic II - The Sith Lords,amazon,amzn1.adg.product.bc8c2cf6-ded7-42fb-91d9-d0865af9e57a,umu-208580,,
Samurai Bringer,amazon,amzn1.adg.product.bcb2c9bd-b7ef-4d2b-acb0-f6b544269f69,umu-1851280,,
Youtubers Life 2,amazon,amzn1.adg.product.fc36e6d2-9ee9-4ff8-a5f5-1600eb62bb9d,umu-1493760,,
Masterplan Tycoon,amazon,amzn1.adg.product.90a0091c-8db1-4188-9f27-ed6046379aec,umu-1644500,,
Marvel's Guardians of the Galaxy,egs,63a665088eb1480298f1e57943b225d8,umu-1088850,,
Go Home Annie,gog,1913376893,umu-1939100,,
Carmageddon: Max Damage,gog,1904451332,umu-505170,,
Tomb Raider: Legend,gog,1810841502,umu-7000,,
Tomb Raider: Anniversary,gog,1202885143,umu-8000,,
Clustertruck,gog,1661530902,umu-397950,,
Fallout 4,gog,1998527297,umu-377160,,
Fallout 4,egs,61d52ce4d09d41e48800c22784d13ae8,umu-377160,,
The Elder Scrolls V: Skyrim Special Edition,egs,ac82db5035584c7f8a2c548d98c86b2c,umu-489830,,
Star Trek Online,egs,0fb6e06aacd14e88b1aaea8f54dd8525,umu-9900,,
Alan Wake,egs,heron,umu-108710,,
Alan Wake's American Nightmare,egs,condor,umu-202750,,
Neverwinter,egs,87be9bd6707748888bce1f79b025c5dd,umu-109600,,
CYGNI: All Guns Blazing,egs,25ad72f164b948ab9e05eb18fab2cda8,umu-1248080,,
Full Metal Daemon Muramasa,gog,1209310984,umu-1209310984,,
MultiVersus,egs,711c5e95dc094ca58e5f16bd48e751d6,umu-1818750,,
Call of Juarez: Bound in Blood,gog,1770556474,umu-21980,,
Arcanum: Of Steamworks and Magick Obscura,gog,1207658829,umu-500810,,
The Last Game,egs,3a187a93c2044a1ead75161f5c5a351a,umu-2563800,,
Call of Cthulhu,gog,1522289470,umu-399810,,
BIOMUTANT,gog,1633865805,umu-597820,,
BIOMUTANT,egs,8f2d950a8b1d46048057a62ff13661cd,umu-597820,,
Baldur's Gate: Enhanced Edition,gog,1207666353,umu-228280,bg,
Baldur's Gate II: Enhanced Edition,gog,1207666373,umu-257350,bg2,
Planescape: Torment: Enhanced Edition,gog,1203613131,umu-466300,ps:t,
Alpha Protocol,gog,1360785671,umu-34010,,
Zenless Zone Zero,egs,525aa0efd70f4399b9f64bcd2a5b38c7,umu-825cd0b5286c404289d456d47561cc1a,,
Zenless Zone Zero,none,none,umu-zenlesszonezero,,Standalone PC installer
METAL GEAR SOLID 2: SUBSTANCE,gog,2069117974,umu-2069117974,,
Silent Hill 3,none,none,umu-silenthill3,,
Dirt 3,none,none,umu-321040,,a.k.a Dirt 3 Complete Edition
Teenage Mutant Ninja Turtles: Shredder's Revenge,egs,16a7b366b94c4cf2843dd0dfda4bbd19,umu-1361510,,
The Callisto Protocol,egs,256ba8bdd1ff4c26a0b2d3776d1a1bf6,umu-1544020,,
BioShock,gog,2022341186,umu-7670,,
BioShock 2,gog,1806891286,umu-8850,,
BioShock Remastered,gog,1439656515,umu-409710,,
BioShock Remastered,egs,bc2c95c6ff564a16b26644f1d3ac3c55,umu-409710,,
BioShock 2 Remastered,gog,1482265668,umu-409720,,
BioShock 2 Remastered,egs,b22ce34b4ce0408c97a888554447479b,umu-409720,,
Dungeon Siege,gog,1185868626,umu-39190,,
Dungeon Siege 2,gog,1837106902,umu-39200,,
Dungeon Siege,none,none,umu-39190,,Cd Version
Dungeon Siege 2,none,none,umu-39200,,Cd Version
Redout: Enhanced Edition,egs,1be5efb848844b1dabf9d67f8017a7ae,umu-517710,,
Fallout: New Vegas Ultimate Edition,gog,1454587428,umu-22380,FNV,
Fallout: New Vegas Ultimate Edition,egs,3428aaab2c674c98b3acb789dcfaa548,umu-22380,FNV,
Kao the Kangaroo,egs,7763cb8916654651a50593a813ae7c38,umu-1370140,,Reboot from 2022.
Ys I,gog,1422440106,umu-223810,,Part of the Ys I and II Chronicles+ pack
Ys II,gog,1422440145,umu-223870,,Part of the Ys I and II Chronicles+ pack
Ghostrunner 2,egs,cc3213f280df4b428e85b771c09d1891,umu-2144740,,
Identity V,none,none,umu-identityv,,Mobile game with a PC port (mobile gameplay but native executable).
SpellForce Platinum,gog,1207658719,umu-39540,,
SpellForce 2 - Anniversary Edition,gog,1123662938,umu-39550,,
SpellForce 2 - Faith in Destiny,gog,1914219141,umu-65530,,
SpellForce 2 - Demons Of The Past,gog,1207660473,umu-245050,,
Sifu,egs,d36336f190094951873ed6138ac208d8,umu-2138710,,
[REDACTED],egs,98614687b212444c9ff0d42095f56cb3,umu-2229940,,
Are You Smarter Than A 5th Grader,egs,8052968859fb46aea7cbc381c19188d2,umu-1521160,,
Dino Crisis,gog,1661434114,umu-1661434114,,
Dino Crisis 2,gog,1597741823,umu-1597741823,,
Metro 2033 Redux,egs,petunia,umu-286690,,
Angelic☆Chaos RE-BOOT!,none,none,umu-tenshisz,,
Metro Last Light Redux,egs,speedwell,umu-287390,,
Pantheon: Rise of the Fallen,none,none,umu-pantheonrotf,,Standalone Patcher version.
Immortals of Aveum,ea,0005130,umu-2009100,,
Immortals of Aveum,ea,0005021,umu-2009100,,
Immortals of Aveum: Deluxe Edition,ea,0005131,umu-2009100,,
Immortals of Aveum: Deluxe Edition,ea,0005127,umu-2009100,,
Immortals of Aveum,egs,nepenthes,umu-2009100,,
Immortals of Aveum,humble,immortalsofaveum,umu-2009100,,
LEGO® Pirates of the Caribbean: The Video Game,gog,1976029387,umu-311770,,
UberSoldier,zoomplatform,37873c72-4ea2-405b-97d1-a33d8422258f,umu-2905090,,
PKHeX,none,none,umu-pkhex,,Pokemon Save Editor
Wuthering Waves,none,none,umu-3513350,wuwa,Standalone PC Installer.
Wuthering Waves,egs,a5faf668dbaf499c8dc2917bf1c346e5,umu-3513350,wuwa,Epic Games Store installer variant.
The Lord of the Rings Online™,none,none,umu-212500,lotro,lotro website installer variant.
DOOM (2016),gog,1390579243,umu-379720,,DRM free release of DOOM (2016)
Breath of Fire IV,gog,1587885678,umu-1587885678,bof4,
Marvel Rivals,egs,575efd0b5dd54429b035ffc8fe2d36d0,umu-2767030,,
Anno 1800,ubisoft,4553,umu-916440,,
No Man's Sky,gog,1446213994,umu-275850,nms,
Artificial Academy 2,none,none,umu-aa2,AA2,AA2Unlimited
